timestamp_ms,raw_velocity,smooth_velocity,rep_num
2206,0.0000,0.0000,0
2211,0.0000,0.0000,0
2216,0.0000,0.0000,0
2221,0.0000,0.0000,0
2226,0.0000,0.0000,0
2231,0.0000,0.0000,0
2236,0.0000,0.0000,0
2241,0.0392,0.0078,0
2246,0.0589,0.0196,0
2251,0.0981,0.0392,0
2256,0.1177,0.0628,0
2261,0.1373,0.0902,0
2266,0.1373,0.1099,0
2271,0.1570,0.1295,0
2276,0.1766,0.1452,0
2281,0.1962,0.1609,0
2286,0.1962,0.1726,0
2291,0.2158,0.1883,0
2296,0.1962,0.1962,0
2301,0.1962,0.2001,0
2306,0.1962,0.2001,0
2311,0.1962,0.2001,0
2316,0.1766,0.1923,0
2321,0.1570,0.1844,0
2326,0.1570,0.1766,0
2331,0.1570,0.1687,0
2336,0.1766,0.1648,0
2341,0.1570,0.1609,0
2346,0.1766,0.1648,0
2351,0.1570,0.1648,0
2356,0.1962,0.1726,0
2361,0.1766,0.1726,0
2366,0.2354,0.1883,0
2371,0.2551,0.2040,0
2376,0.2943,0.2315,0
2381,0.3531,0.2629,0
2386,0.4512,0.3178,0
2391,0.5101,0.3728,0
2396,0.5886,0.4395,0
2401,0.6278,0.5062,0
2406,0.6474,0.5650,0
2411,0.6474,0.6043,0
2416,0.6474,0.6317,0
2421,0.6671,0.6474,0
2426,0.6867,0.6592,0
2431,0.7259,0.6749,0
2436,0.7259,0.6906,0
2441,0.8044,0.7220,0
2446,0.9025,0.7691,0
2451,1.0202,0.8358,0
2456,0.9613,0.8829,0
2461,0.7848,0.8946,0
2466,0.6474,0.8632,0
2471,0.6082,0.8044,0
2476,0.6474,0.7298,0
2481,0.7455,0.6867,0
2486,0.8632,0.7024,0
2491,0.9221,0.7573,0
2496,0.9221,0.8201,0
2501,0.9221,0.8750,0
2506,0.8436,0.8946,0
2511,0.7455,0.8711,0
2516,0.6474,0.8162,0
2521,0.5297,0.7377,0
2526,0.4120,0.6357,0
2531,0.3139,0.5297,0
2536,0.1766,0.4159,0
2541,0.0589,0.2982,0
2546,0.0000,0.1923,0
2551,0.0000,0.1099,0
2556,0.0000,0.0471,0
2584,0.0000,0.0118,1
2589,0.0000,0.0000,1
2594,0.0000,0.0000,1
2599,0.0000,0.0000,1
2604,0.0000,0.0000,1
2609,0.0000,0.0000,1
2614,0.0000,0.0000,1
2619,0.0000,0.0000,1
2624,0.0000,0.0000,1
2629,0.0000,0.0000,1
2634,0.0000,0.0000,1
2639,0.0000,0.0000,1
2644,0.0000,0.0000,1
2649,0.0000,0.0000,1
2654,0.0000,0.0000,1
2659,0.0000,0.0000,1
2664,0.0000,0.0000,1
2669,0.0000,0.0000,1
2674,0.0000,0.0000,1
2679,0.0000,0.0000,1
2684,0.0000,0.0000,1
2689,0.0000,0.0000,1
2694,0.0000,0.0000,1
2699,0.0000,0.0000,1
2704,0.0000,0.0000,1
2709,0.0000,0.0000,1
2714,0.0000,0.0000,1
2719,0.0000,0.0000,1
2724,0.0000,0.0000,1
2729,0.0000,0.0000,1
2734,0.0000,0.0000,1
2739,0.0000,0.0000,1
2744,0.0000,0.0000,1
2749,0.0000,0.0000,1
2754,0.0000,0.0000,1
2759,0.0000,0.0000,1
2764,0.0000,0.0000,1
2769,0.0000,0.0000,1
2774,0.0000,0.0000,1
2779,0.0000,0.0000,1
2784,0.0000,0.0000,1
2789,0.0000,0.0000,1
2794,0.0000,0.0000,1
2799,0.0000,0.0000,1
2804,0.0000,0.0000,1
2809,0.0000,0.0000,1
2814,0.0000,0.0000,1
2819,0.0000,0.0000,1
2824,0.0000,0.0000,1
2829,0.0000,0.0000,1
2834,0.0000,0.0000,1
2839,0.0000,0.0000,1
2844,0.0000,0.0000,1
2849,0.0000,0.0000,1
2854,0.0000,0.0000,1
2859,0.0000,0.0000,1
2864,0.0000,0.0000,1
2869,0.0000,0.0000,1
2874,0.0000,0.0000,1
2879,0.0000,0.0000,1
2884,0.0000,0.0000,1
2889,0.0000,0.0000,1
2894,0.0000,0.0000,1
2899,0.0000,0.0000,1
2904,0.0000,0.0000,1
2909,0.0000,0.0000,1
2914,0.0000,0.0000,1
2919,0.0000,0.0000,1
2924,0.0000,0.0000,1
2929,0.0000,0.0000,1
2934,0.0000,0.0000,1
2939,0.0000,0.0000,1
2944,0.0000,0.0000,1
2949,0.0000,0.0000,1
2954,0.0000,0.0000,1
2959,0.0000,0.0000,1
2964,0.0000,0.0000,1
2969,0.0000,0.0000,1
2974,0.0000,0.0000,1
2979,0.0000,0.0000,1
2984,0.0000,0.0000,1
2989,0.0000,0.0000,1
2994,0.0000,0.0000,1
2999,0.0000,0.0000,1
3004,0.0000,0.0000,1
3009,0.0000,0.0000,1
3014,0.0000,0.0000,1
3019,0.0000,0.0000,1
3024,0.0000,0.0000,1
3029,0.0000,0.0000,1
3034,0.0000,0.0000,1
3039,0.0000,0.0000,1
3044,0.0000,0.0000,1
3049,0.0000,0.0000,1
3054,0.0000,0.0000,1
3059,0.0000,0.0000,1
3064,0.0000,0.0000,1
3069,0.0000,0.0000,1
3074,0.0000,0.0000,1
3079,0.0000,0.0000,1
3084,0.0000,0.0000,1
3089,0.0000,0.0000,1
3094,0.0000,0.0000,1
3099,0.0000,0.0000,1
3104,0.0000,0.0000,1
3109,0.0000,0.0000,1
3114,0.0000,0.0000,1
3119,0.0000,0.0000,1
3124,0.0000,0.0000,1
3129,0.0000,0.0000,1
3134,0.0000,0.0000,1
3139,0.0000,0.0000,1
3144,0.0000,0.0000,1
3149,0.0000,0.0000,1
3154,0.0000,0.0000,1
3159,0.0196,0.0039,1
3164,0.0000,0.0039,1
3169,0.0196,0.0078,1
3174,0.0000,0.0078,1
3179,0.0392,0.0157,1
3184,0.0589,0.0235,1
3189,0.0981,0.0432,1
3194,0.1177,0.0628,1
3199,0.1177,0.0863,1
3204,0.1177,0.1020,1
3209,0.0981,0.1099,1
3214,0.0785,0.1059,1
3219,0.0785,0.0981,1
3224,0.0589,0.0863,1
3229,0.0196,0.0667,1
3234,0.0196,0.0510,1
3239,0.0196,0.0392,1
3244,0.0000,0.0235,1
3249,0.0000,0.0118,1
3254,0.0000,0.0078,1
3259,0.0000,0.0039,1
3264,0.0000,0.0000,1
3269,0.0000,0.0000,1
3274,0.0000,0.0000,1
3279,0.0000,0.0000,1
3284,0.0000,0.0000,1
3289,0.0000,0.0000,1
3294,0.0000,0.0000,1
3299,0.0000,0.0000,1
3304,0.0000,0.0000,1
3309,0.0000,0.0000,1
3314,0.0000,0.0000,1
3319,0.0000,0.0000,1
3324,0.0000,0.0000,1
3329,0.0000,0.0000,1
3334,0.0000,0.0000,1
3339,0.0000,0.0000,1
3344,0.0000,0.0000,1
3349,0.0000,0.0000,1
3354,0.0000,0.0000,1
3381,0.0000,0.0000,2
3386,0.0000,0.0000,2
3391,0.0000,0.0000,2
3396,0.0000,0.0000,2
3401,0.0000,0.0000,2
3406,0.0000,0.0000,2
3411,0.0000,0.0000,2
3416,0.0000,0.0000,2
3421,0.0000,0.0000,2
3426,0.0000,0.0000,2
3431,0.0000,0.0000,2
3436,0.0000,0.0000,2
3441,0.0000,0.0000,2
3446,0.0000,0.0000,2
3451,0.0196,0.0039,2
3456,0.0000,0.0039,2
3461,0.0392,0.0118,2
3466,0.0392,0.0196,2
3471,0.0981,0.0392,2
3476,0.1177,0.0589,2
3481,0.1373,0.0863,2
3486,0.1570,0.1099,2
3491,0.1962,0.1413,2
3496,0.1962,0.1609,2
3501,0.2354,0.1844,2
3506,0.2747,0.2119,2
3511,0.2943,0.2394,2
3516,0.3531,0.2707,2
3521,0.4120,0.3139,2
3526,0.4905,0.3649,2
3531,0.5690,0.4238,2
3536,0.7063,0.5062,2
3541,0.8044,0.5964,2
3546,0.9221,0.6984,2
3551,0.9613,0.7926,2
3556,1.0398,0.8868,2
3561,1.0987,0.9653,2
3566,1.1379,1.0320,2
3571,1.2556,1.0987,2
3576,1.3930,1.1850,2
3581,1.5107,1.2792,2
3586,1.2949,1.3184,2
3591,1.0791,1.3066,2
3596,1.0006,1.2556,2
3601,1.0398,1.1850,2
3606,1.0202,1.0869,2
3611,0.9810,1.0241,2
3616,0.8436,0.9770,2
3621,0.7063,0.9182,2
3626,0.5886,0.8279,2
3631,0.4905,0.7220,2
3636,0.4120,0.6082,2
3641,0.3531,0.5101,2
3646,0.3139,0.4316,2
3651,0.2158,0.3571,2
3656,0.1373,0.2864,2
3661,0.0392,0.2119,2
3666,0.0000,0.1413,2
3671,0.0000,0.0785,2
3676,0.0000,0.0353,2
3703,0.0036,0.0086,3
3708,0.0000,0.0007,3
3713,0.0000,0.0007,3
3718,0.0000,0.0007,3
3723,0.0000,0.0007,3
3728,0.0000,0.0000,3
3733,0.0000,0.0000,3
3738,0.0000,0.0000,3
3743,0.0000,0.0000,3
3748,0.0000,0.0000,3
3753,0.0000,0.0000,3
3758,0.0000,0.0000,3
3763,0.0000,0.0000,3
3768,0.0000,0.0000,3
3773,0.0000,0.0000,3
3778,0.0000,0.0000,3
3783,0.0000,0.0000,3
3788,0.0000,0.0000,3
3793,0.0000,0.0000,3
3798,0.0000,0.0000,3
3803,0.0000,0.0000,3
3808,0.0000,0.0000,3
3813,0.0000,0.0000,3
3818,0.0000,0.0000,3
3823,0.0000,0.0000,3
3828,0.0000,0.0000,3
3833,0.0000,0.0000,3
3838,0.0000,0.0000,3
3843,0.0000,0.0000,3
3848,0.0000,0.0000,3
3853,0.0000,0.0000,3
3858,0.0000,0.0000,3
3863,0.0000,0.0000,3
3868,0.0000,0.0000,3
3873,0.0000,0.0000,3
3878,0.0000,0.0000,3
3883,0.0000,0.0000,3
3888,0.0000,0.0000,3
3893,0.0000,0.0000,3
3898,0.0000,0.0000,3
3903,0.0000,0.0000,3
3908,0.0000,0.0000,3
3913,0.0000,0.0000,3
3918,0.0000,0.0000,3
3923,0.0000,0.0000,3
3928,0.0000,0.0000,3
3933,0.0000,0.0000,3
3938,0.0000,0.0000,3
3943,0.0000,0.0000,3
3948,0.0000,0.0000,3
3953,0.0000,0.0000,3
3958,0.0000,0.0000,3
3963,0.0000,0.0000,3
3968,0.0000,0.0000,3
3973,0.0000,0.0000,3
3978,0.0000,0.0000,3
3983,0.0000,0.0000,3
3988,0.0000,0.0000,3
3993,0.0000,0.0000,3
3998,0.0000,0.0000,3
4003,0.0000,0.0000,3
4008,0.0000,0.0000,3
4013,0.0000,0.0000,3
4018,0.0000,0.0000,3
4023,0.0000,0.0000,3
4028,0.0000,0.0000,3
4033,0.0000,0.0000,3
4038,0.0000,0.0000,3
4043,0.0000,0.0000,3
4048,0.0000,0.0000,3
4053,0.0000,0.0000,3
4058,0.0000,0.0000,3
4063,0.0000,0.0000,3
4068,0.0000,0.0000,3
4073,0.0000,0.0000,3
4078,0.0000,0.0000,3
4083,0.0000,0.0000,3
4088,0.0000,0.0000,3
4093,0.0000,0.0000,3
4098,0.0000,0.0000,3
4103,0.0000,0.0000,3
4108,0.0000,0.0000,3
4113,0.0000,0.0000,3
4118,0.0000,0.0000,3
4123,0.0000,0.0000,3
4128,0.0000,0.0000,3
4133,0.0000,0.0000,3
4138,0.0000,0.0000,3
4143,0.0000,0.0000,3
4148,0.0000,0.0000,3
4153,0.0000,0.0000,3
4158,0.0000,0.0000,3
4163,0.0000,0.0000,3
4168,0.0000,0.0000,3
4173,0.0000,0.0000,3
4178,0.0000,0.0000,3
4183,0.0000,0.0000,3
4188,0.0000,0.0000,3
4193,0.0000,0.0000,3
4198,0.0000,0.0000,3
4203,0.0000,0.0000,3
4208,0.0000,0.0000,3
4213,0.0000,0.0000,3
4218,0.0000,0.0000,3
4223,0.0000,0.0000,3
4228,0.0000,0.0000,3
4233,0.0000,0.0000,3
4238,0.0196,0.0039,3
4243,0.0000,0.0039,3
4248,0.0000,0.0039,3
4253,0.0000,0.0039,3
4258,0.0196,0.0078,3
4263,0.0000,0.0039,3
4268,0.0000,0.0039,3
4273,0.0000,0.0039,3
4278,0.0000,0.0039,3
4283,0.0000,0.0000,3
4288,0.0000,0.0000,3
4293,0.0196,0.0039,3
4298,0.0392,0.0118,3
4303,0.0392,0.0196,3
4308,0.1177,0.0432,3
4313,0.1766,0.0785,3
4318,0.2158,0.1177,3
4323,0.2551,0.1609,3
4328,0.3139,0.2158,3
4333,0.3728,0.2668,3
4338,0.4120,0.3139,3
4343,0.4905,0.3688,3
4348,0.5297,0.4238,3
4353,0.6278,0.4866,3
4358,0.7063,0.5533,3
4363,0.8240,0.6357,3
4368,0.9810,0.7338,3
4373,1.1183,0.8515,3
4378,1.2752,0.9810,3
4383,1.3930,1.1183,3
4388,1.5695,1.2674,3
4393,1.7069,1.4126,3
4398,1.4714,1.4832,3
4403,1.1575,1.4597,3
4408,1.0987,1.4008,3
4413,1.1772,1.3223,3
4418,1.0987,1.2007,3
4423,1.0006,1.1065,3
4428,0.7848,1.0320,3
4433,0.5493,0.9221,3
4438,0.2943,0.7455,3
4443,0.0785,0.5415,3
4448,0.0000,0.3414,3
4453,0.0000,0.1844,3
4458,0.0000,0.0746,3
4463,0.0000,0.0157,3
4468,0.0000,0.0000,3
4473,0.0000,0.0000,3
4500,0.0000,0.0000,4
4505,0.0000,0.0000,4
4510,0.0000,0.0000,4
4515,0.0000,0.0000,4
4520,0.0000,0.0000,4
4525,0.0000,0.0000,4
4530,0.0000,0.0000,4
4535,0.0000,0.0000,4
4540,0.0000,0.0000,4
4545,0.0000,0.0000,4
4550,0.0000,0.0000,4
4555,0.0000,0.0000,4
4560,0.0000,0.0000,4
4565,0.0000,0.0000,4
4570,0.0000,0.0000,4
4575,0.0000,0.0000,4
4580,0.0000,0.0000,4
4585,0.0000,0.0000,4
4590,0.0000,0.0000,4
4595,0.0000,0.0000,4
4600,0.0000,0.0000,4
4605,0.0000,0.0000,4
4610,0.0000,0.0000,4
4615,0.0000,0.0000,4
4620,0.0000,0.0000,4
4625,0.0000,0.0000,4
4630,0.0000,0.0000,4
4635,0.0000,0.0000,4
4640,0.0000,0.0000,4
4645,0.0000,0.0000,4
4650,0.0000,0.0000,4
4655,0.0000,0.0000,4
4660,0.0000,0.0000,4
4665,0.0000,0.0000,4
4670,0.0000,0.0000,4
4675,0.0000,0.0000,4
4680,0.0000,0.0000,4
4685,0.0000,0.0000,4
4690,0.0000,0.0000,4
4695,0.0000,0.0000,4
4700,0.0000,0.0000,4
4705,0.0000,0.0000,4
4710,0.0000,0.0000,4
4715,0.0000,0.0000,4
4720,0.0000,0.0000,4
4725,0.0000,0.0000,4
4730,0.0000,0.0000,4
4735,0.0000,0.0000,4
4740,0.0000,0.0000,4
4745,0.0000,0.0000,4
4750,0.0000,0.0000,4
4755,0.0000,0.0000,4
4760,0.0000,0.0000,4
4765,0.0000,0.0000,4
4770,0.0000,0.0000,4
4775,0.0000,0.0000,4
4780,0.0000,0.0000,4
4785,0.0000,0.0000,4
4790,0.0000,0.0000,4
4795,0.0000,0.0000,4
4800,0.0000,0.0000,4
4805,0.0000,0.0000,4
4810,0.0000,0.0000,4
4815,0.0000,0.0000,4
4820,0.0000,0.0000,4
4825,0.0000,0.0000,4
4830,0.0000,0.0000,4
4835,0.0000,0.0000,4
4840,0.0000,0.0000,4
4845,0.0000,0.0000,4
4850,0.0000,0.0000,4
4855,0.0000,0.0000,4
4860,0.0000,0.0000,4
4865,0.0000,0.0000,4
4870,0.0000,0.0000,4
4875,0.0000,0.0000,4
4880,0.0000,0.0000,4
4885,0.0000,0.0000,4
4890,0.0000,0.0000,4
4895,0.0000,0.0000,4
4900,0.0000,0.0000,4
4905,0.0000,0.0000,4
4910,0.0000,0.0000,4
4915,0.0000,0.0000,4
4920,0.0000,0.0000,4
4925,0.0000,0.0000,4
4930,0.0000,0.0000,4
4935,0.0000,0.0000,4
4940,0.0000,0.0000,4
4945,0.0000,0.0000,4
4950,0.0000,0.0000,4
4955,0.0000,0.0000,4
4960,0.0000,0.0000,4
4965,0.0000,0.0000,4
4970,0.0000,0.0000,4
4975,0.0000,0.0000,4
4980,0.0196,0.0039,4
4985,0.0000,0.0039,4
4990,0.0392,0.0118,4
4995,0.0392,0.0196,4
5000,0.0589,0.0314,4
5005,0.0589,0.0392,4
5010,0.0981,0.0589,4
5015,0.0785,0.0667,4
5020,0.1177,0.0824,4
5025,0.1177,0.0942,4
5030,0.1570,0.1138,4
5035,0.1766,0.1295,4
5040,0.1962,0.1530,4
5045,0.2354,0.1766,4
5050,0.2747,0.2080,4
5055,0.3139,0.2394,4
5060,0.3924,0.2825,4
5065,0.4120,0.3257,4
5070,0.5101,0.3806,4
5075,0.6474,0.4552,4
5080,0.8044,0.5533,4
5085,0.9810,0.6710,4
5090,1.0987,0.8083,4
5095,1.1772,0.9417,4
5100,1.2164,1.0555,4
5105,1.2556,1.1458,4
5110,1.3537,1.2203,4
5115,1.5499,1.3106,4
5120,1.5303,1.3812,4
5125,1.3733,1.4126,4
5130,1.3145,1.4244,4
5135,1.3145,1.4165,4
5140,1.1575,1.3380,4
5145,0.9417,1.2203,4
5150,0.7063,1.0869,4
5155,0.5101,0.9260,4
5160,0.3139,0.7259,4
5165,0.1570,0.5258,4
5170,0.0392,0.3453,4
5175,0.0196,0.2080,4
5180,0.0000,0.1059,4
5185,0.0000,0.0432,4
5212,0.0000,0.0118,5
5217,0.0000,0.0039,5
5222,0.0000,0.0000,5
5227,0.0000,0.0000,5
5232,0.0000,0.0000,5
5237,0.0000,0.0000,5
5242,0.0000,0.0000,5
5247,0.0000,0.0000,5
5252,0.0000,0.0000,5
5257,0.0000,0.0000,5
5262,0.0000,0.0000,5
5267,0.0000,0.0000,5
5272,0.0000,0.0000,5
5277,0.0000,0.0000,5
5282,0.0000,0.0000,5
5287,0.0000,0.0000,5
5292,0.0000,0.0000,5
5297,0.0000,0.0000,5
5302,0.0000,0.0000,5
5307,0.0000,0.0000,5
5312,0.0000,0.0000,5
5317,0.0000,0.0000,5
5322,0.0000,0.0000,5
5327,0.0000,0.0000,5
5332,0.0000,0.0000,5
5337,0.0000,0.0000,5
5342,0.0000,0.0000,5
5347,0.0000,0.0000,5
5352,0.0000,0.0000,5
5357,0.0000,0.0000,5
5362,0.0000,0.0000,5
5367,0.0000,0.0000,5
5372,0.0000,0.0000,5
5377,0.0000,0.0000,5
5382,0.0000,0.0000,5
5387,0.0000,0.0000,5
5392,0.0000,0.0000,5
5397,0.0000,0.0000,5
5402,0.0000,0.0000,5
5407,0.0000,0.0000,5
5412,0.0000,0.0000,5
5417,0.0000,0.0000,5
5422,0.0000,0.0000,5
5427,0.0000,0.0000,5
5432,0.0000,0.0000,5
5437,0.0000,0.0000,5
5442,0.0000,0.0000,5
5447,0.0000,0.0000,5
5452,0.0000,0.0000,5
5457,0.0000,0.0000,5
5462,0.0000,0.0000,5
5467,0.0000,0.0000,5
5472,0.0000,0.0000,5
5477,0.0000,0.0000,5
5482,0.0000,0.0000,5
5487,0.0000,0.0000,5
5492,0.0000,0.0000,5
5497,0.0000,0.0000,5
5502,0.0000,0.0000,5
5507,0.0000,0.0000,5
5512,0.0000,0.0000,5
5517,0.0000,0.0000,5
5522,0.0000,0.0000,5
5527,0.0000,0.0000,5
5532,0.0000,0.0000,5
5537,0.0000,0.0000,5
5542,0.0000,0.0000,5
5547,0.0000,0.0000,5
5552,0.0000,0.0000,5
5557,0.0000,0.0000,5
5562,0.0000,0.0000,5
5567,0.0000,0.0000,5
5572,0.0000,0.0000,5
5577,0.0000,0.0000,5
5582,0.0000,0.0000,5
5587,0.0000,0.0000,5
5592,0.0000,0.0000,5
5597,0.0000,0.0000,5
5602,0.0000,0.0000,5
5607,0.0000,0.0000,5
5612,0.0000,0.0000,5
5617,0.0000,0.0000,5
5622,0.0000,0.0000,5
5627,0.0000,0.0000,5
5632,0.0000,0.0000,5
5637,0.0000,0.0000,5
5642,0.0000,0.0000,5
5647,0.0196,0.0039,5
5652,0.0196,0.0078,5
5657,0.0392,0.0157,5
5662,0.0981,0.0353,5
5667,0.1570,0.0667,5
5672,0.1962,0.1020,5
5677,0.2354,0.1452,5
5682,0.2747,0.1923,5
5687,0.2551,0.2237,5
5692,0.2551,0.2433,5
5697,0.2354,0.2511,5
5702,0.2551,0.2551,5
5707,0.2551,0.2511,5
5712,0.3139,0.2629,5
5717,0.3139,0.2747,5
5722,0.3924,0.3061,5
5727,0.4316,0.3414,5
5732,0.5297,0.3963,5
5737,0.6671,0.4669,5
5742,0.8632,0.5768,5
5747,1.0398,0.7063,5
5752,1.1575,0.8515,5
5757,1.2360,0.9927,5
5762,1.2164,1.1026,5
5767,1.2164,1.1732,5
5772,1.2949,1.2242,5
5777,1.4911,1.2909,5
5782,1.5303,1.3498,5
5787,1.1379,1.3341,5
5792,0.7455,1.2399,5
5797,0.4512,1.0712,5
5802,0.2158,0.8162,5
5807,0.0392,0.5179,5
5812,0.0000,0.2904,5
5817,0.0000,0.1413,5
5822,0.0000,0.0510,5
5827,0.0000,0.0078,5
5854,0.0000,0.0000,6
5859,0.0000,0.0000,6
5864,0.0000,0.0000,6
5869,0.0000,0.0000,6
5874,0.0000,0.0000,6
5879,0.0000,0.0000,6
5884,0.0000,0.0000,6
5889,0.0000,0.0000,6
5894,0.0000,0.0000,6
5899,0.0000,0.0000,6
5904,0.0000,0.0000,6
5909,0.0000,0.0000,6
5914,0.0000,0.0000,6
5919,0.0000,0.0000,6
5924,0.0000,0.0000,6
5929,0.0000,0.0000,6
5934,0.0000,0.0000,6
5939,0.0000,0.0000,6
5944,0.0000,0.0000,6
5949,0.0000,0.0000,6
5954,0.0000,0.0000,6
5959,0.0000,0.0000,6
5964,0.0000,0.0000,6
5969,0.0000,0.0000,6
5974,0.0000,0.0000,6
5979,0.0000,0.0000,6
5984,0.0000,0.0000,6
5989,0.0000,0.0000,6
5994,0.0000,0.0000,6
5999,0.0000,0.0000,6
6004,0.0000,0.0000,6
6009,0.0000,0.0000,6
6014,0.0000,0.0000,6
6019,0.0000,0.0000,6
6024,0.0000,0.0000,6
6029,0.0000,0.0000,6
6034,0.0000,0.0000,6
6039,0.0000,0.0000,6
6044,0.0000,0.0000,6
6049,0.0000,0.0000,6
6054,0.0000,0.0000,6
6059,0.0000,0.0000,6
6064,0.0000,0.0000,6
6069,0.0000,0.0000,6
6074,0.0000,0.0000,6
6079,0.0000,0.0000,6
6084,0.0000,0.0000,6
6089,0.0000,0.0000,6
6094,0.0000,0.0000,6
6099,0.0000,0.0000,6
6104,0.0000,0.0000,6
6109,0.0000,0.0000,6
6114,0.0000,0.0000,6
6119,0.0000,0.0000,6
6124,0.0000,0.0000,6
6129,0.0000,0.0000,6
6134,0.0000,0.0000,6
6139,0.0000,0.0000,6
6144,0.0000,0.0000,6
6149,0.0000,0.0000,6
6154,0.0000,0.0000,6
6159,0.0000,0.0000,6
6164,0.0000,0.0000,6
6169,0.0000,0.0000,6
6174,0.0000,0.0000,6
6179,0.0000,0.0000,6
6184,0.0000,0.0000,6
6189,0.0000,0.0000,6
6194,0.0000,0.0000,6
6199,0.0000,0.0000,6
6204,0.0000,0.0000,6
6209,0.0000,0.0000,6
6214,0.0000,0.0000,6
6219,0.0000,0.0000,6
6224,0.0000,0.0000,6
6229,0.0000,0.0000,6
6234,0.0196,0.0039,6
6239,0.0000,0.0039,6
6244,0.0000,0.0039,6
6249,0.0000,0.0039,6
6254,0.0000,0.0039,6
6259,0.0000,0.0000,6
6264,0.0000,0.0000,6
6269,0.0000,0.0000,6
6274,0.0000,0.0000,6
6279,0.0000,0.0000,6
6284,0.0000,0.0000,6
6289,0.0196,0.0039,6
6294,0.0196,0.0078,6
6299,0.0196,0.0118,6
6304,0.0589,0.0235,6
6309,0.0589,0.0353,6
6314,0.0785,0.0471,6
6319,0.0785,0.0589,6
6324,0.1177,0.0785,6
6329,0.1373,0.0942,6
6334,0.1570,0.1138,6
6339,0.1766,0.1334,6
6344,0.2354,0.1648,6
6349,0.2747,0.1962,6
6354,0.3139,0.2315,6
6359,0.3924,0.2786,6
6364,0.4709,0.3375,6
6369,0.6278,0.4159,6
6374,0.8240,0.5258,6
6379,1.0987,0.6827,6
6384,1.4322,0.8907,6
6389,1.4126,1.0791,6
6394,1.3930,1.2321,6
6399,1.5499,1.3773,6
6404,1.7657,1.5107,6
6409,1.9031,1.6049,6
6414,1.9423,1.7108,6
6419,1.8050,1.7932,6
6424,1.5499,1.7932,6
6429,1.3145,1.7029,6
6434,1.0594,1.5342,6
6439,0.7651,1.2988,6
6444,0.5297,1.0437,6
6449,0.3335,0.8005,6
6454,0.1962,0.5768,6
6459,0.0981,0.3845,6
6464,0.0392,0.2394,6
6469,0.0196,0.1373,6
6474,0.0000,0.0706,6
6479,0.0000,0.0314,6
6484,0.0000,0.0118,6
6511,0.0000,0.0039,7
6516,0.0000,0.0000,7
6521,0.0000,0.0000,7
6526,0.0000,0.0000,7
6531,0.0000,0.0000,7
6536,0.0000,0.0000,7
6541,0.0000,0.0000,7
6546,0.0000,0.0000,7
6551,0.0000,0.0000,7
6556,0.0000,0.0000,7
6561,0.0000,0.0000,7
6566,0.0000,0.0000,7
6571,0.0000,0.0000,7
6576,0.0000,0.0000,7
6581,0.0000,0.0000,7
6586,0.0000,0.0000,7
6591,0.0000,0.0000,7
6596,0.0000,0.0000,7
6601,0.0000,0.0000,7
6606,0.0000,0.0000,7
6611,0.0000,0.0000,7
6616,0.0000,0.0000,7
6621,0.0000,0.0000,7
6626,0.0000,0.0000,7
6631,0.0000,0.0000,7
6636,0.0000,0.0000,7
6641,0.0000,0.0000,7
6646,0.0000,0.0000,7
6651,0.0000,0.0000,7
6656,0.0000,0.0000,7
6661,0.0000,0.0000,7
6666,0.0000,0.0000,7
6671,0.0000,0.0000,7
6676,0.0000,0.0000,7
6681,0.0000,0.0000,7
6686,0.0000,0.0000,7
6691,0.0000,0.0000,7
6696,0.0000,0.0000,7
6701,0.0000,0.0000,7
6706,0.0000,0.0000,7
6711,0.0000,0.0000,7
6716,0.0000,0.0000,7
6721,0.0000,0.0000,7
6726,0.0000,0.0000,7
6731,0.0000,0.0000,7
6736,0.0000,0.0000,7
6741,0.0000,0.0000,7
6746,0.0000,0.0000,7
6751,0.0000,0.0000,7
6756,0.0000,0.0000,7
6761,0.0000,0.0000,7
6766,0.0000,0.0000,7
6771,0.0000,0.0000,7
6776,0.0000,0.0000,7
6781,0.0000,0.0000,7
6786,0.0000,0.0000,7
6791,0.0000,0.0000,7
6796,0.0000,0.0000,7
6801,0.0000,0.0000,7
6806,0.0000,0.0000,7
6811,0.0000,0.0000,7
6816,0.0000,0.0000,7
6821,0.0000,0.0000,7
6826,0.0000,0.0000,7
6831,0.0000,0.0000,7
6836,0.0000,0.0000,7
6841,0.0000,0.0000,7
6846,0.0000,0.0000,7
6851,0.0000,0.0000,7
6856,0.0000,0.0000,7
6861,0.0000,0.0000,7
6866,0.0000,0.0000,7
6871,0.0000,0.0000,7
6876,0.0000,0.0000,7
6881,0.0000,0.0000,7
6886,0.0000,0.0000,7
6891,0.0000,0.0000,7
6896,0.0000,0.0000,7
6901,0.0196,0.0039,7
6906,0.0196,0.0078,7
6911,0.0589,0.0196,7
6916,0.0589,0.0314,7
6921,0.0785,0.0471,7
6926,0.0981,0.0628,7
6931,0.0981,0.0785,7
6936,0.1177,0.0902,7
6941,0.1570,0.1099,7
6946,0.1962,0.1334,7
6951,0.2158,0.1570,7
6956,0.2354,0.1844,7
6961,0.2943,0.2197,7
6966,0.3531,0.2590,7
6971,0.4316,0.3061,7
6976,0.4905,0.3610,7
6981,0.6278,0.4395,7
6986,0.7651,0.5336,7
6991,0.9417,0.6514,7
6996,1.0398,0.7730,7
7001,0.8829,0.8515,7
7006,0.7651,0.8789,7
7011,0.7848,0.8829,7
7016,0.8632,0.8672,7
7021,1.0594,0.8711,7
7026,1.2164,0.9378,7
7031,1.3145,1.0477,7
7036,1.3733,1.1654,7
7041,1.3930,1.2713,7
7046,1.3930,1.3380,7
7051,1.4322,1.3812,7
7056,1.5303,1.4244,7
7061,1.4518,1.4401,7
7066,1.0594,1.3733,7
7071,0.9025,1.2752,7
7076,0.8436,1.1575,7
7081,0.8240,1.0163,7
7086,0.7848,0.8829,7
7091,0.7455,0.8201,7
7096,0.6082,0.7612,7
7101,0.4905,0.6906,7
7106,0.3728,0.6003,7
7111,0.2354,0.4905,7
7116,0.1177,0.3649,7
7121,0.0196,0.2472,7
7126,0.0000,0.1491,7
7131,0.0000,0.0746,7
7136,0.0000,0.0275,7
7163,0.0000,0.0039,8
7168,0.0000,0.0000,8
7173,0.0000,0.0000,8
7178,0.0000,0.0000,8
7183,0.0000,0.0000,8
7188,0.0000,0.0000,8
7193,0.0000,0.0000,8
7198,0.0000,0.0000,8
7203,0.0000,0.0000,8
7208,0.0000,0.0000,8
7213,0.0000,0.0000,8
7218,0.0000,0.0000,8
7223,0.0000,0.0000,8
7228,0.0000,0.0000,8
7233,0.0000,0.0000,8
7238,0.0000,0.0000,8
7243,0.0000,0.0000,8
7248,0.0000,0.0000,8
7253,0.0000,0.0000,8
7258,0.0000,0.0000,8
7263,0.0000,0.0000,8
7268,0.0000,0.0000,8
7273,0.0000,0.0000,8
7278,0.0000,0.0000,8
7283,0.0000,0.0000,8
7288,0.0000,0.0000,8
7293,0.0000,0.0000,8
7298,0.0000,0.0000,8
7303,0.0000,0.0000,8
7308,0.0000,0.0000,8
7313,0.0000,0.0000,8
7318,0.0000,0.0000,8
7323,0.0000,0.0000,8
7328,0.0000,0.0000,8
7333,0.0000,0.0000,8
7338,0.0000,0.0000,8
7343,0.0000,0.0000,8
7348,0.0000,0.0000,8
7353,0.0000,0.0000,8
7358,0.0000,0.0000,8
7363,0.0000,0.0000,8
7368,0.0000,0.0000,8
7373,0.0000,0.0000,8
7378,0.0000,0.0000,8
7383,0.0000,0.0000,8
7388,0.0000,0.0000,8
7393,0.0000,0.0000,8
7398,0.0000,0.0000,8
7403,0.0000,0.0000,8
7408,0.0000,0.0000,8
7413,0.0000,0.0000,8
7418,0.0000,0.0000,8
7423,0.0000,0.0000,8
7428,0.0000,0.0000,8
7433,0.0000,0.0000,8
7438,0.0000,0.0000,8
7443,0.0000,0.0000,8
7448,0.0000,0.0000,8
7453,0.0000,0.0000,8
7458,0.0000,0.0000,8
7463,0.0000,0.0000,8
7468,0.0000,0.0000,8
7473,0.0000,0.0000,8
7478,0.0000,0.0000,8
7483,0.0000,0.0000,8
7488,0.0196,0.0039,8
7493,0.0000,0.0039,8
7498,0.0000,0.0039,8
7503,0.0000,0.0039,8
7508,0.0000,0.0039,8
7513,0.0000,0.0000,8
7518,0.0000,0.0000,8
7523,0.0000,0.0000,8
7528,0.0000,0.0000,8
7533,0.0000,0.0000,8
7538,0.0000,0.0000,8
7543,0.0000,0.0000,8
7548,0.0000,0.0000,8
7553,0.0000,0.0000,8
7558,0.0000,0.0000,8
7563,0.0000,0.0000,8
7568,0.0000,0.0000,8
7573,0.0196,0.0039,8
7578,0.0196,0.0078,8
7583,0.0785,0.0235,8
7588,0.1570,0.0549,8
7593,0.1962,0.0942,8
7598,0.2551,0.1413,8
7603,0.2943,0.1962,8
7608,0.3728,0.2551,8
7613,0.4316,0.3100,8
7618,0.5493,0.3806,8
7623,0.7455,0.4787,8
7628,1.0791,0.6357,8
7633,1.4518,0.8515,8
7638,1.7657,1.1183,8
7643,2.0208,1.4126,8
7648,2.2366,1.7108,8
7653,2.5897,2.0129,8
7658,2.3151,2.1856,8
7663,1.7265,2.1777,8
7668,1.3733,2.0482,8
7673,1.0398,1.8089,8
7678,0.7848,1.4479,8
7683,0.5493,1.0948,8
7688,0.3139,0.8122,8
7693,0.1373,0.5650,8
7698,0.0196,0.3610,8
7703,0.0000,0.2040,8
7708,0.0000,0.0942,8
7713,0.0000,0.0314,8
7718,0.0000,0.0039,8
7723,0.0000,0.0000,8
7728,0.0000,0.0000,8
7733,0.0000,0.0000,8
7738,0.0000,0.0000,8
7743,0.0000,0.0000,8
7748,0.0000,0.0000,8
7775,0.0000,0.0000,9
7780,0.0000,0.0000,9
7785,0.0000,0.0000,9
7790,0.0000,0.0000,9
7795,0.0000,0.0000,9
7800,0.0000,0.0000,9
7805,0.0000,0.0000,9
7810,0.0000,0.0000,9
7815,0.0000,0.0000,9
7820,0.0000,0.0000,9
7825,0.0000,0.0000,9
7830,0.0000,0.0000,9
7835,0.0000,0.0000,9
7840,0.0000,0.0000,9
7845,0.0000,0.0000,9
7850,0.0000,0.0000,9
7855,0.0000,0.0000,9
7860,0.0000,0.0000,9
7865,0.0000,0.0000,9
7870,0.0000,0.0000,9
7875,0.0000,0.0000,9
7880,0.0000,0.0000,9
7885,0.0000,0.0000,9
7890,0.0000,0.0000,9
7895,0.0000,0.0000,9
7900,0.0000,0.0000,9
7905,0.0000,0.0000,9
7910,0.0000,0.0000,9
7915,0.0000,0.0000,9
7920,0.0000,0.0000,9
7925,0.0000,0.0000,9
7930,0.0000,0.0000,9
7935,0.0000,0.0000,9
7940,0.0000,0.0000,9
7945,0.0000,0.0000,9
7950,0.0000,0.0000,9
7955,0.0000,0.0000,9
7960,0.0000,0.0000,9
7965,0.0000,0.0000,9
7970,0.0000,0.0000,9
7975,0.0000,0.0000,9
7980,0.0000,0.0000,9
7985,0.0000,0.0000,9
7990,0.0000,0.0000,9
7995,0.0000,0.0000,9
8000,0.0000,0.0000,9
8005,0.0000,0.0000,9
8010,0.0000,0.0000,9
8015,0.0000,0.0000,9
8020,0.0000,0.0000,9
8025,0.0000,0.0000,9
8030,0.0000,0.0000,9
8035,0.0000,0.0000,9
8040,0.0000,0.0000,9
8045,0.0000,0.0000,9
8050,0.0000,0.0000,9
8055,0.0000,0.0000,9
8060,0.0000,0.0000,9
8065,0.0000,0.0000,9
8070,0.0000,0.0000,9
8075,0.0000,0.0000,9
8080,0.0000,0.0000,9
8085,0.0000,0.0000,9
8090,0.0000,0.0000,9
8095,0.0000,0.0000,9
8100,0.0000,0.0000,9
8105,0.0000,0.0000,9
8110,0.0000,0.0000,9
8115,0.0000,0.0000,9
8120,0.0000,0.0000,9
8125,0.0000,0.0000,9
8130,0.0000,0.0000,9
8135,0.0000,0.0000,9
8140,0.0196,0.0039,9
8145,0.0000,0.0039,9
8150,0.0000,0.0039,9
8155,0.0000,0.0039,9
8160,0.0000,0.0039,9
8165,0.0000,0.0000,9
8170,0.0000,0.0000,9
8175,0.0000,0.0000,9
8180,0.0000,0.0000,9
8185,0.0000,0.0000,9
8190,0.0000,0.0000,9
8195,0.0000,0.0000,9
8200,0.0000,0.0000,9
8205,0.0000,0.0000,9
8210,0.0000,0.0000,9
8215,0.0000,0.0000,9
8220,0.0000,0.0000,9
8225,0.0000,0.0000,9
8230,0.0000,0.0000,9
8235,0.0000,0.0000,9
8240,0.0000,0.0000,9
8245,0.0000,0.0000,9
8250,0.0000,0.0000,9
8255,0.0000,0.0000,9
8260,0.0000,0.0000,9
8265,0.0000,0.0000,9
8270,0.0000,0.0000,9
8275,0.0000,0.0000,9
8280,0.0000,0.0000,9
8285,0.0000,0.0000,9
8290,0.0000,0.0000,9
8295,0.0000,0.0000,9
8300,0.0000,0.0000,9
8305,0.0000,0.0000,9
8310,0.0000,0.0000,9
8315,0.0000,0.0000,9
8320,0.0000,0.0000,9
8325,0.0000,0.0000,9
8330,0.0000,0.0000,9
8335,0.0000,0.0000,9
8340,0.0000,0.0000,9
8345,0.0000,0.0000,9
8350,0.0000,0.0000,9
8355,0.0000,0.0000,9
8360,0.0000,0.0000,9
8365,0.0000,0.0000,9
8370,0.0000,0.0000,9
8375,0.0196,0.0039,9
8380,0.0392,0.0118,9
8385,0.0589,0.0235,9
8390,0.1177,0.0471,9
8395,0.1177,0.0706,9
8400,0.1373,0.0942,9
8405,0.1570,0.1177,9
8410,0.1570,0.1373,9
8415,0.1766,0.1491,9
8420,0.1766,0.1609,9
8425,0.1962,0.1726,9
8430,0.2158,0.1844,9
8435,0.2158,0.1962,9
8440,0.2158,0.2040,9
8445,0.2551,0.2197,9
8450,0.2943,0.2394,9
8455,0.3139,0.2590,9
8460,0.3531,0.2864,9
8465,0.3728,0.3178,9
8470,0.4709,0.3610,9
8475,0.5297,0.4081,9
8480,0.5690,0.4591,9
8485,0.6082,0.5101,9
8490,0.6278,0.5611,9
8495,0.6474,0.5964,9
8500,0.6474,0.6200,9
8505,0.6082,0.6278,9
8510,0.5886,0.6239,9
8515,0.5493,0.6082,9
8520,0.5493,0.5886,9
8525,0.5690,0.5729,9
8530,0.6082,0.5729,9
8535,0.6474,0.5847,9
8540,0.6867,0.6121,9
8545,0.7063,0.6435,9
8550,0.6278,0.6553,9
8555,0.4905,0.6317,9
8560,0.4120,0.5847,9
8565,0.4120,0.5297,9
8570,0.4120,0.4709,9
8575,0.4120,0.4277,9
8580,0.4120,0.4120,9
8585,0.4512,0.4199,9
8590,0.4709,0.4316,9
8595,0.5297,0.4552,9
8600,0.6671,0.5062,9
8605,0.7848,0.5807,9
8610,0.9417,0.6788,9
8615,1.0987,0.8044,9
8620,1.2556,0.9496,9
8625,1.3145,1.0791,9
8630,1.2360,1.1693,9
8635,1.1575,1.2125,9
8640,1.1379,1.2203,9
8645,1.0398,1.1772,9
8650,0.8436,1.0830,9
8655,0.6474,0.9653,9
8660,0.5690,0.8476,9
8665,0.6474,0.7495,9
8670,0.8240,0.7063,9
8675,0.9613,0.7298,9
8680,1.0006,0.8005,9
8685,0.9417,0.8750,9
8690,0.8829,0.9221,9
8695,0.8240,0.9221,9
8700,0.8044,0.8907,9
8705,0.8044,0.8515,9
8710,0.8044,0.8240,9
8715,0.7651,0.8005,9
8720,0.7259,0.7808,9
8725,0.6867,0.7573,9
8730,0.5886,0.7141,9
8735,0.5101,0.6553,9
8740,0.4512,0.5925,9
8745,0.4120,0.5297,9
8750,0.4120,0.4748,9
8755,0.4120,0.4395,9
8760,0.3728,0.4120,9
8765,0.2943,0.3806,9
8770,0.2354,0.3453,9
8775,0.1570,0.2943,9
8780,0.0981,0.2315,9
8785,0.0392,0.1648,9
8790,0.0196,0.1099,9
8795,0.0000,0.0628,9
8800,0.0000,0.0314,9
8827,0.0000,0.0118,10
8832,0.0000,0.0039,10
8837,0.0000,0.0000,10
8842,0.0000,0.0000,10
8847,0.0000,0.0000,10
8852,0.0000,0.0000,10
8857,0.0000,0.0000,10
8862,0.0000,0.0000,10
8867,0.0000,0.0000,10
8872,0.0000,0.0000,10
8877,0.0000,0.0000,10
8882,0.0000,0.0000,10
8887,0.0000,0.0000,10
8892,0.0000,0.0000,10
8897,0.0000,0.0000,10
8902,0.0000,0.0000,10
8907,0.0000,0.0000,10
8912,0.0000,0.0000,10
8917,0.0000,0.0000,10
8922,0.0000,0.0000,10
8927,0.0000,0.0000,10
8932,0.0000,0.0000,10
8937,0.0000,0.0000,10
8942,0.0000,0.0000,10
8947,0.0000,0.0000,10
8952,0.0000,0.0000,10
8957,0.0000,0.0000,10
8962,0.0000,0.0000,10
8967,0.0000,0.0000,10
8972,0.0000,0.0000,10
8977,0.0000,0.0000,10
8982,0.0000,0.0000,10
8987,0.0000,0.0000,10
8992,0.0000,0.0000,10
8997,0.0000,0.0000,10
9002,0.0000,0.0000,10
9007,0.0000,0.0000,10
9012,0.0000,0.0000,10
9017,0.0000,0.0000,10
9022,0.0000,0.0000,10
9027,0.0000,0.0000,10
9032,0.0000,0.0000,10
9037,0.0000,0.0000,10
9042,0.0000,0.0000,10
9047,0.0000,0.0000,10
9052,0.0000,0.0000,10
9057,0.0000,0.0000,10
9062,0.0000,0.0000,10
9067,0.0000,0.0000,10
9072,0.0000,0.0000,10
9077,0.0000,0.0000,10
9082,0.0000,0.0000,10
9087,0.0000,0.0000,10
9092,0.0000,0.0000,10
9097,0.0000,0.0000,10
9102,0.0000,0.0000,10
9107,0.0000,0.0000,10
9112,0.0000,0.0000,10
9117,0.0000,0.0000,10
9122,0.0000,0.0000,10
9127,0.0000,0.0000,10
9132,0.0000,0.0000,10
9137,0.0000,0.0000,10
9142,0.0000,0.0000,10
9147,0.0000,0.0000,10
9152,0.0000,0.0000,10
9157,0.0000,0.0000,10
9162,0.0000,0.0000,10
9167,0.0000,0.0000,10
9172,0.0000,0.0000,10
9177,0.0000,0.0000,10
9182,0.0000,0.0000,10
9187,0.0000,0.0000,10
9192,0.0000,0.0000,10
9197,0.0000,0.0000,10
9202,0.0000,0.0000,10
9207,0.0000,0.0000,10
9212,0.0000,0.0000,10
9217,0.0000,0.0000,10
9222,0.0000,0.0000,10
9227,0.0000,0.0000,10
9232,0.0000,0.0000,10
9237,0.0000,0.0000,10
9242,0.0000,0.0000,10
9247,0.0000,0.0000,10
9252,0.0000,0.0000,10
9257,0.0000,0.0000,10
9262,0.0000,0.0000,10
9267,0.0000,0.0000,10
9272,0.0000,0.0000,10
9277,0.0000,0.0000,10
9282,0.0000,0.0000,10
9287,0.0000,0.0000,10
9292,0.0000,0.0000,10
9297,0.0000,0.0000,10
9302,0.0000,0.0000,10
9307,0.0000,0.0000,10
9312,0.0000,0.0000,10
9317,0.0000,0.0000,10
9322,0.0000,0.0000,10
9327,0.0000,0.0000,10
9332,0.0000,0.0000,10
9337,0.0000,0.0000,10
9342,0.0000,0.0000,10
9347,0.0000,0.0000,10
9352,0.0000,0.0000,10
9357,0.0000,0.0000,10
9362,0.0000,0.0000,10
9367,0.0000,0.0000,10
9372,0.0000,0.0000,10
9377,0.0000,0.0000,10
9382,0.0000,0.0000,10
9387,0.0000,0.0000,10
9392,0.0000,0.0000,10
9397,0.0000,0.0000,10
9402,0.0000,0.0000,10
9407,0.0000,0.0000,10
9412,0.0000,0.0000,10
9417,0.0000,0.0000,10
9422,0.0000,0.0000,10
9427,0.0000,0.0000,10
9432,0.0000,0.0000,10
9437,0.0000,0.0000,10
9442,0.0000,0.0000,10
9447,0.0000,0.0000,10
9452,0.0000,0.0000,10
9457,0.0000,0.0000,10
9462,0.0000,0.0000,10
9467,0.0000,0.0000,10
9472,0.0000,0.0000,10
9477,0.0000,0.0000,10
9482,0.0000,0.0000,10
9487,0.0000,0.0000,10
9492,0.0196,0.0039,10
9497,0.0196,0.0078,10
9502,0.0589,0.0196,10
9507,0.0981,0.0392,10
9512,0.1177,0.0628,10
9517,0.0981,0.0785,10
9522,0.1177,0.0981,10
9527,0.1373,0.1138,10
9532,0.1373,0.1216,10
9537,0.1570,0.1295,10
9542,0.1766,0.1452,10
9547,0.1962,0.1609,10
9552,0.1766,0.1687,10
9557,0.1766,0.1766,10
9562,0.1962,0.1844,10
9567,0.2158,0.1923,10
9572,0.2354,0.2001,10
9577,0.2551,0.2158,10
9582,0.2943,0.2394,10
9587,0.3139,0.2629,10
9592,0.3139,0.2825,10
9597,0.3531,0.3061,10
9602,0.3728,0.3296,10
9607,0.3728,0.3453,10
9612,0.4316,0.3688,10
9617,0.4709,0.4002,10
9622,0.5886,0.4473,10
9627,0.6867,0.5101,10
9632,0.7455,0.5847,10
9637,0.8240,0.6631,10
9642,0.8436,0.7377,10
9647,0.8829,0.7965,10
9652,0.8829,0.8358,10
9657,0.8829,0.8632,10
9662,0.8829,0.8750,10
9667,0.8632,0.8789,10
9672,0.8829,0.8789,10
9677,0.9025,0.8829,10
9682,0.9810,0.9025,10
9687,0.9810,0.9221,10
9692,0.8436,0.9182,10
9697,0.6671,0.8750,10
9702,0.5690,0.8083,10
9707,0.5493,0.7220,10
9712,0.6474,0.6553,10
9717,0.7455,0.6357,10
9722,0.8044,0.6631,10
9727,0.8436,0.7181,10
9732,0.7848,0.7651,10
9737,0.7455,0.7848,10
9742,0.7455,0.7848,10
9747,0.7259,0.7691,10
9752,0.7651,0.7534,10
9757,0.8436,0.7651,10
9762,0.9025,0.7965,10
9767,0.9613,0.8397,10
9772,1.0006,0.8946,10
9777,0.8436,0.9103,10
9782,0.6867,0.8789,10
9787,0.6082,0.8201,10
9792,0.6278,0.7534,10
9797,0.6867,0.6906,10
9802,0.8240,0.6867,10
9807,0.9025,0.7298,10
9812,0.9417,0.7965,10
9817,0.9221,0.8554,10
9822,0.8829,0.8946,10
9827,0.8436,0.8986,10
9832,0.7848,0.8750,10
9837,0.7063,0.8279,10
9842,0.6278,0.7691,10
9847,0.6278,0.7181,10
9852,0.5886,0.6671,10
9857,0.5690,0.6239,10
9862,0.4905,0.5807,10
9867,0.4120,0.5376,10
9872,0.3924,0.4905,10
9877,0.3728,0.4473,10
9882,0.3335,0.4002,10
9887,0.2943,0.3610,10
9892,0.2354,0.3257,10
9897,0.1570,0.2786,10
9902,0.0785,0.2197,10
9907,0.0196,0.1570,10
9912,0.0000,0.0981,10
9917,0.0000,0.0510,10
9922,0.0000,0.0196,10
9949,0.0000,0.0039,11
9954,0.0000,0.0000,11
9959,0.0000,0.0000,11
9964,0.0000,0.0000,11
9969,0.0000,0.0000,11
9974,0.0000,0.0000,11
9979,0.0000,0.0000,11
9984,0.0000,0.0000,11
9989,0.0000,0.0000,11
9994,0.0000,0.0000,11
9999,0.0000,0.0000,11
10004,0.0000,0.0000,11
10009,0.0000,0.0000,11
10014,0.0000,0.0000,11
10019,0.0000,0.0000,11
10024,0.0000,0.0000,11
10029,0.0000,0.0000,11
10034,0.0000,0.0000,11
10039,0.0000,0.0000,11
10044,0.0000,0.0000,11
10049,0.0000,0.0000,11
10054,0.0000,0.0000,11
10059,0.0000,0.0000,11
10064,0.0000,0.0000,11
10069,0.0000,0.0000,11
10074,0.0000,0.0000,11
10079,0.0000,0.0000,11
10084,0.0000,0.0000,11
10089,0.0000,0.0000,11
10094,0.0000,0.0000,11
10099,0.0000,0.0000,11
10104,0.0000,0.0000,11
10109,0.0000,0.0000,11
10114,0.0000,0.0000,11
10119,0.0000,0.0000,11
10124,0.0000,0.0000,11
10129,0.0000,0.0000,11
10134,0.0000,0.0000,11
10139,0.0000,0.0000,11
10144,0.0000,0.0000,11
10149,0.0000,0.0000,11
10154,0.0000,0.0000,11
10159,0.0000,0.0000,11
10164,0.0000,0.0000,11
10169,0.0000,0.0000,11
10174,0.0000,0.0000,11
10179,0.0000,0.0000,11
10184,0.0000,0.0000,11
10189,0.0000,0.0000,11
10194,0.0000,0.0000,11
10199,0.0000,0.0000,11
10204,0.0000,0.0000,11
10209,0.0000,0.0000,11
10214,0.0000,0.0000,11
10219,0.0000,0.0000,11
10224,0.0000,0.0000,11
10229,0.0000,0.0000,11
10234,0.0000,0.0000,11
10239,0.0000,0.0000,11
10244,0.0000,0.0000,11
10249,0.0000,0.0000,11
10254,0.0000,0.0000,11
10259,0.0000,0.0000,11
10264,0.0000,0.0000,11
10269,0.0000,0.0000,11
10274,0.0000,0.0000,11
10279,0.0000,0.0000,11
10284,0.0000,0.0000,11
10289,0.0000,0.0000,11
10294,0.0000,0.0000,11
10299,0.0000,0.0000,11
10304,0.0000,0.0000,11
10309,0.0000,0.0000,11
10314,0.0000,0.0000,11
10319,0.0000,0.0000,11
10324,0.0000,0.0000,11
10329,0.0000,0.0000,11
10334,0.0000,0.0000,11
10339,0.0000,0.0000,11
10344,0.0000,0.0000,11
10349,0.0000,0.0000,11
10354,0.0000,0.0000,11
10359,0.0000,0.0000,11
10364,0.0000,0.0000,11
10369,0.0000,0.0000,11
10374,0.0000,0.0000,11
10379,0.0000,0.0000,11
10384,0.0000,0.0000,11
10389,0.0000,0.0000,11
10394,0.0000,0.0000,11
10399,0.0000,0.0000,11
10404,0.0000,0.0000,11
10409,0.0000,0.0000,11
10414,0.0000,0.0000,11
10419,0.0000,0.0000,11
10424,0.0000,0.0000,11
10429,0.0000,0.0000,11
10434,0.0000,0.0000,11
10439,0.0000,0.0000,11
10444,0.0000,0.0000,11
10449,0.0000,0.0000,11
10454,0.0000,0.0000,11
10459,0.0000,0.0000,11
10464,0.0000,0.0000,11
10469,0.0000,0.0000,11
10474,0.0000,0.0000,11
10479,0.0000,0.0000,11
10484,0.0000,0.0000,11
10489,0.0000,0.0000,11
10494,0.0000,0.0000,11
10499,0.0000,0.0000,11
10504,0.0000,0.0000,11
10509,0.0000,0.0000,11
10514,0.0000,0.0000,11
10519,0.0000,0.0000,11
10524,0.0000,0.0000,11
10529,0.0000,0.0000,11
10534,0.0000,0.0000,11
10539,0.0000,0.0000,11
10544,0.0000,0.0000,11
10549,0.0000,0.0000,11
10554,0.0000,0.0000,11
10559,0.0000,0.0000,11
10564,0.0000,0.0000,11
10569,0.0000,0.0000,11
10574,0.0000,0.0000,11
10579,0.0000,0.0000,11
10584,0.0000,0.0000,11
10589,0.0000,0.0000,11
10594,0.0000,0.0000,11
10599,0.0000,0.0000,11
10604,0.0000,0.0000,11
10609,0.0196,0.0039,11
10614,0.0000,0.0039,11
10619,0.0000,0.0039,11
10624,0.0000,0.0039,11
10629,0.0000,0.0039,11
10634,0.0000,0.0000,11
10639,0.0000,0.0000,11
10644,0.0000,0.0000,11
10649,0.0196,0.0039,11
10654,0.0000,0.0039,11
10659,0.0196,0.0078,11
10664,0.0392,0.0157,11
10669,0.0785,0.0314,11
10674,0.0589,0.0392,11
10679,0.0981,0.0589,11
10684,0.0981,0.0746,11
10689,0.0981,0.0863,11
10694,0.0981,0.0902,11
10699,0.0981,0.0981,11
10704,0.0981,0.0981,11
10709,0.0785,0.0942,11
10714,0.0785,0.0902,11
10719,0.0785,0.0863,11
10724,0.0589,0.0785,11
10729,0.0785,0.0746,11
10734,0.0589,0.0706,11
10739,0.0589,0.0667,11
10744,0.0589,0.0628,11
10749,0.0785,0.0667,11
10754,0.0785,0.0667,11
10759,0.0589,0.0667,11
10764,0.0785,0.0706,11
10769,0.0589,0.0706,11
10774,0.0785,0.0706,11
10779,0.0981,0.0746,11
10784,0.0785,0.0785,11
10789,0.0981,0.0824,11
10794,0.0981,0.0902,11
10799,0.0981,0.0942,11
10804,0.1177,0.0981,11
10809,0.0981,0.1020,11
10814,0.1177,0.1059,11
10819,0.0981,0.1059,11
10824,0.0981,0.1059,11
10829,0.1177,0.1059,11
10834,0.1177,0.1099,11
10839,0.0981,0.1059,11
10844,0.1177,0.1099,11
10849,0.1177,0.1138,11
10854,0.1177,0.1138,11
10859,0.1177,0.1138,11
10864,0.1373,0.1216,11
10869,0.1177,0.1216,11
10874,0.1373,0.1256,11
10879,0.1373,0.1295,11
10884,0.1570,0.1373,11
10889,0.1766,0.1452,11
10894,0.1962,0.1609,11
10899,0.2551,0.1844,11
10904,0.2747,0.2119,11
10909,0.3531,0.2511,11
10914,0.3924,0.2943,11
10919,0.4905,0.3531,11
10924,0.5690,0.4159,11
10929,0.6474,0.4905,11
10934,0.7063,0.5611,11
10939,0.7848,0.6396,11
10944,0.7848,0.6984,11
10949,0.8240,0.7495,11
10954,0.8044,0.7808,11
10959,0.7651,0.7926,11
10964,0.7651,0.7887,11
10969,0.7455,0.7808,11
10974,0.7259,0.7612,11
10979,0.7063,0.7416,11
10984,0.7063,0.7298,11
10989,0.7259,0.7220,11
10994,0.7848,0.7298,11
10999,0.8240,0.7495,11
11004,0.7848,0.7651,11
11009,0.6671,0.7573,11
11014,0.5690,0.7259,11
11019,0.5297,0.6749,11
11024,0.5493,0.6200,11
11029,0.6671,0.5964,11
11034,0.7259,0.6082,11
11039,0.7848,0.6514,11
11044,0.8240,0.7102,11
11049,0.8240,0.7651,11
11054,0.8436,0.8005,11
11059,0.8044,0.8162,11
11064,0.7651,0.8122,11
11069,0.7259,0.7926,11
11074,0.7455,0.7769,11
11079,0.8240,0.7730,11
11084,0.8632,0.7848,11
11089,0.8632,0.8044,11
11094,0.7063,0.8005,11
11099,0.5493,0.7612,11
11104,0.4316,0.6827,11
11109,0.3531,0.5807,11
11114,0.2943,0.4669,11
11119,0.2354,0.3728,11
11124,0.1766,0.2982,11
11129,0.1177,0.2354,11
11134,0.0785,0.1805,11
11139,0.0392,0.1295,11
11144,0.0000,0.0824,11
11149,0.0000,0.0471,11
11176,0.0000,0.0235,12
11181,0.0000,0.0078,12
11186,0.0000,0.0000,12
11191,0.0000,0.0000,12
11196,0.0000,0.0000,12
11201,0.0000,0.0000,12
11206,0.0000,0.0000,12
11211,0.0000,0.0000,12
11216,0.0000,0.0000,12
11221,0.0000,0.0000,12
11226,0.0000,0.0000,12
11231,0.0000,0.0000,12
11236,0.0000,0.0000,12
11241,0.0000,0.0000,12
11246,0.0000,0.0000,12
11251,0.0000,0.0000,12
11256,0.0000,0.0000,12
11261,0.0000,0.0000,12
11266,0.0000,0.0000,12
11271,0.0000,0.0000,12
11276,0.0000,0.0000,12
11281,0.0000,0.0000,12
11286,0.0000,0.0000,12
11291,0.0000,0.0000,12
11296,0.0000,0.0000,12
11301,0.0000,0.0000,12
11306,0.0000,0.0000,12
11311,0.0000,0.0000,12
11316,0.0000,0.0000,12
11321,0.0000,0.0000,12
11326,0.0000,0.0000,12
11331,0.0000,0.0000,12
11336,0.0000,0.0000,12
11341,0.0000,0.0000,12
11346,0.0000,0.0000,12
11351,0.0000,0.0000,12
11356,0.0000,0.0000,12
11361,0.0000,0.0000,12
11366,0.0000,0.0000,12
11371,0.0000,0.0000,12
11376,0.0000,0.0000,12
11381,0.0000,0.0000,12
11386,0.0000,0.0000,12
11391,0.0000,0.0000,12
11396,0.0000,0.0000,12
11401,0.0000,0.0000,12
11406,0.0000,0.0000,12
11411,0.0000,0.0000,12
11416,0.0000,0.0000,12
11421,0.0000,0.0000,12
11426,0.0000,0.0000,12
11431,0.0000,0.0000,12
11436,0.0000,0.0000,12
11441,0.0000,0.0000,12
11446,0.0000,0.0000,12
11451,0.0000,0.0000,12
11456,0.0000,0.0000,12
11461,0.0000,0.0000,12
11466,0.0000,0.0000,12
11471,0.0000,0.0000,12
11476,0.0000,0.0000,12
11481,0.0000,0.0000,12
11486,0.0000,0.0000,12
11491,0.0000,0.0000,12
11496,0.0000,0.0000,12
11501,0.0000,0.0000,12
11506,0.0000,0.0000,12
11511,0.0000,0.0000,12
11516,0.0000,0.0000,12
11521,0.0000,0.0000,12
11526,0.0000,0.0000,12
11531,0.0000,0.0000,12
11536,0.0000,0.0000,12
11541,0.0000,0.0000,12
11546,0.0000,0.0000,12
11551,0.0000,0.0000,12
11556,0.0000,0.0000,12
11561,0.0000,0.0000,12
11566,0.0000,0.0000,12
11571,0.0000,0.0000,12
11576,0.0000,0.0000,12
11581,0.0000,0.0000,12
11586,0.0000,0.0000,12
11591,0.0000,0.0000,12
11596,0.0000,0.0000,12
11601,0.0000,0.0000,12
11606,0.0000,0.0000,12
11611,0.0000,0.0000,12
11616,0.0000,0.0000,12
11621,0.0000,0.0000,12
11626,0.0000,0.0000,12
11631,0.0000,0.0000,12
11636,0.0000,0.0000,12
11641,0.0000,0.0000,12
11646,0.0000,0.0000,12
11651,0.0000,0.0000,12
11656,0.0000,0.0000,12
11661,0.0000,0.0000,12
11666,0.0000,0.0000,12
11671,0.0000,0.0000,12
11676,0.0000,0.0000,12
11681,0.0000,0.0000,12
11686,0.0000,0.0000,12
11691,0.0000,0.0000,12
11696,0.0000,0.0000,12
11701,0.0000,0.0000,12
11706,0.0000,0.0000,12
11711,0.0000,0.0000,12
11716,0.0000,0.0000,12
11721,0.0000,0.0000,12
11726,0.0000,0.0000,12
11731,0.0000,0.0000,12
11736,0.0000,0.0000,12
11741,0.0000,0.0000,12
11746,0.0000,0.0000,12
11751,0.0000,0.0000,12
11756,0.0196,0.0039,12
11761,0.0196,0.0078,12
11766,0.0196,0.0118,12
11771,0.0196,0.0157,12
11776,0.0589,0.0275,12
11781,0.0785,0.0392,12
11786,0.0981,0.0549,12
11791,0.0981,0.0706,12
11796,0.0981,0.0863,12
11801,0.0981,0.0942,12
11806,0.1177,0.1020,12
11811,0.1177,0.1059,12
11816,0.1177,0.1099,12
11821,0.1570,0.1216,12
11826,0.1570,0.1334,12
11831,0.1766,0.1452,12
11836,0.2158,0.1648,12
11841,0.2354,0.1883,12
11846,0.3139,0.2197,12
11851,0.4120,0.2707,12
11856,0.6082,0.3571,12
11861,0.8044,0.4748,12
11866,0.8436,0.5964,12
11871,0.9810,0.7298,12
11876,1.2360,0.8946,12
11881,1.6088,1.0948,12
11886,2.1777,1.3694,12
11891,2.6486,1.7304,12
11896,2.8448,2.1032,12
11901,2.7663,2.4092,12
11906,2.0993,2.5073,12
11911,1.3341,2.3386,12
11916,0.8044,1.9698,12
11921,0.3924,1.4793,12
11926,0.1373,0.9535,12
11931,0.0000,0.5336,12
11936,0.0000,0.2668,12
11941,0.0000,0.1059,12
11946,0.0000,0.0275,12
11951,0.0000,0.0000,12
11978,0.0000,0.0000,13
11983,0.0000,0.0000,13
11988,0.0000,0.0000,13
11993,0.0000,0.0000,13
11998,0.0000,0.0000,13
12003,0.0000,0.0000,13
12008,0.0000,0.0000,13
12013,0.0000,0.0000,13
12018,0.0000,0.0000,13
12023,0.0000,0.0000,13
12028,0.0000,0.0000,13
12033,0.0000,0.0000,13
12038,0.0000,0.0000,13
12043,0.0000,0.0000,13
12048,0.0000,0.0000,13
12053,0.0000,0.0000,13
12058,0.0000,0.0000,13
12063,0.0000,0.0000,13
12068,0.0000,0.0000,13
12073,0.0000,0.0000,13
12078,0.0000,0.0000,13
12083,0.0000,0.0000,13
12088,0.0000,0.0000,13
12093,0.0000,0.0000,13
12098,0.0000,0.0000,13
12103,0.0000,0.0000,13
12108,0.0000,0.0000,13
12113,0.0000,0.0000,13
12118,0.0000,0.0000,13
12123,0.0000,0.0000,13
12128,0.0000,0.0000,13
12133,0.0000,0.0000,13
12138,0.0000,0.0000,13
12143,0.0000,0.0000,13
12148,0.0000,0.0000,13
12153,0.0000,0.0000,13
12158,0.0000,0.0000,13
12163,0.0000,0.0000,13
12168,0.0000,0.0000,13
12173,0.0000,0.0000,13
12178,0.0000,0.0000,13
12183,0.0000,0.0000,13
12188,0.0000,0.0000,13
12193,0.0000,0.0000,13
12198,0.0000,0.0000,13
12203,0.0000,0.0000,13
12208,0.0000,0.0000,13
12213,0.0000,0.0000,13
12218,0.0000,0.0000,13
12223,0.0196,0.0039,13
12228,0.0000,0.0039,13
12233,0.0196,0.0078,13
12238,0.0589,0.0196,13
12243,0.0589,0.0314,13
12248,0.0392,0.0353,13
12253,0.0000,0.0353,13
12258,0.0196,0.0353,13
12263,0.0392,0.0314,13
12268,0.1177,0.0432,13
12273,0.1962,0.0746,13
12278,0.2943,0.1334,13
12283,0.4120,0.2119,13
12288,0.5297,0.3100,13
12293,0.6474,0.4159,13
12298,0.8436,0.5454,13
12303,1.1379,0.7141,13
12308,1.2752,0.8868,13
12313,1.3145,1.0437,13
12318,1.4911,1.2125,13
12323,1.7069,1.3851,13
12328,2.0208,1.5617,13
12333,2.1581,1.7383,13
12338,2.0993,1.8952,13
12343,1.8638,1.9698,13
12348,1.3733,1.9031,13
12353,0.8632,1.6716,13
12358,0.4905,1.3380,13
12363,0.2354,0.9653,13
12368,0.0196,0.5964,13
12373,0.0000,0.3218,13
12378,0.0000,0.1491,13
12383,0.0000,0.0510,13
12388,0.0000,0.0039,13
12393,0.0000,0.0000,13
12398,0.0000,0.0000,13
12403,0.0000,0.0000,13
12408,0.0000,0.0000,13
12413,0.0000,0.0000,13
12418,0.0000,0.0000,13
12423,0.0000,0.0000,13
12428,0.0000,0.0000,13
12433,0.0000,0.0000,13
12460,0.0000,0.0000,14
12465,0.0000,0.0000,14
12470,0.0000,0.0000,14
12475,0.0000,0.0000,14
12480,0.0000,0.0000,14
12485,0.0000,0.0000,14
12490,0.0000,0.0000,14
12495,0.0000,0.0000,14
12500,0.0000,0.0000,14
12505,0.0000,0.0000,14
12510,0.0000,0.0000,14
12515,0.0000,0.0000,14
12520,0.0000,0.0000,14
12525,0.0000,0.0000,14
12530,0.0000,0.0000,14
12535,0.0000,0.0000,14
12540,0.0000,0.0000,14
12545,0.0000,0.0000,14
12550,0.0000,0.0000,14
12555,0.0000,0.0000,14
12560,0.0000,0.0000,14
12565,0.0000,0.0000,14
12570,0.0000,0.0000,14
12575,0.0000,0.0000,14
12580,0.0000,0.0000,14
12585,0.0000,0.0000,14
12590,0.0000,0.0000,14
12595,0.0000,0.0000,14
12600,0.0000,0.0000,14
12605,0.0000,0.0000,14
12610,0.0000,0.0000,14
12615,0.0000,0.0000,14
12620,0.0000,0.0000,14
12625,0.0000,0.0000,14
12630,0.0000,0.0000,14
12635,0.0000,0.0000,14
12640,0.0000,0.0000,14
12645,0.0000,0.0000,14
12650,0.0000,0.0000,14
12655,0.0000,0.0000,14
12660,0.0000,0.0000,14
12665,0.0000,0.0000,14
12670,0.0000,0.0000,14
12675,0.0000,0.0000,14
12680,0.0000,0.0000,14
12685,0.0000,0.0000,14
12690,0.0000,0.0000,14
12695,0.0000,0.0000,14
12700,0.0000,0.0000,14
12705,0.0196,0.0039,14
12710,0.0785,0.0196,14
12715,0.1570,0.0510,14
12720,0.2943,0.1099,14
12725,0.4512,0.2001,14
12730,0.5690,0.3100,14
12735,0.6671,0.4277,14
12740,0.7455,0.5454,14
12745,0.8044,0.6474,14
12750,0.9417,0.7455,14
12755,1.0987,0.8515,14
12760,1.2360,0.9653,14
12765,1.1183,1.0398,14
12770,1.0791,1.0948,14
12775,1.1379,1.1340,14
12780,1.2752,1.1693,14
12785,1.6088,1.2439,14
12790,1.8442,1.3890,14
12795,2.0012,1.5735,14
12800,2.0404,1.7540,14
12805,2.0600,1.9109,14
12810,1.8246,1.9541,14
12815,1.5499,1.8952,14
12820,1.2949,1.7540,14
12825,1.0791,1.5617,14
12830,0.8632,1.3223,14
12835,0.7455,1.1065,14
12840,0.6278,0.9221,14
12845,0.4512,0.7534,14
12850,0.2943,0.5964,14
12855,0.1373,0.4512,14
12860,0.0392,0.3100,14
12865,0.0000,0.1844,14
12870,0.0000,0.0942,14
12875,0.0196,0.0392,14
12902,0.0000,0.0118,15
12907,0.0000,0.0039,15
12912,0.0000,0.0039,15
12917,0.0000,0.0039,15
12922,0.0000,0.0000,15
12927,0.0000,0.0000,15
12932,0.0000,0.0000,15
12937,0.0000,0.0000,15
12942,0.0000,0.0000,15
12947,0.0000,0.0000,15
12952,0.0000,0.0000,15
12957,0.0000,0.0000,15
12962,0.0000,0.0000,15
12967,0.0000,0.0000,15
12972,0.0000,0.0000,15
12977,0.0000,0.0000,15
12982,0.0000,0.0000,15
12987,0.0000,0.0000,15
12992,0.0000,0.0000,15
12997,0.0000,0.0000,15
13002,0.0000,0.0000,15
13007,0.0000,0.0000,15
13012,0.0000,0.0000,15
13017,0.0000,0.0000,15
13022,0.0000,0.0000,15
13027,0.0000,0.0000,15
13032,0.0000,0.0000,15
13037,0.0000,0.0000,15
13042,0.0000,0.0000,15
13047,0.0000,0.0000,15
13052,0.0000,0.0000,15
13057,0.0000,0.0000,15
13062,0.0000,0.0000,15
13067,0.0000,0.0000,15
13072,0.0000,0.0000,15
13077,0.0000,0.0000,15
13082,0.0000,0.0000,15
13087,0.0000,0.0000,15
13092,0.0000,0.0000,15
13097,0.0000,0.0000,15
13102,0.0000,0.0000,15
13107,0.0000,0.0000,15
13112,0.0000,0.0000,15
13117,0.0000,0.0000,15
13122,0.0000,0.0000,15
13127,0.0000,0.0000,15
13132,0.0000,0.0000,15
13137,0.0000,0.0000,15
13142,0.0000,0.0000,15
13147,0.0000,0.0000,15
13152,0.0000,0.0000,15
13157,0.0000,0.0000,15
13162,0.0000,0.0000,15
13167,0.0000,0.0000,15
13172,0.0000,0.0000,15
13177,0.0000,0.0000,15
13182,0.0000,0.0000,15
13187,0.0000,0.0000,15
13192,0.0196,0.0039,15
13197,0.0000,0.0039,15
13202,0.0000,0.0039,15
13207,0.0196,0.0078,15
13212,0.0000,0.0078,15
13217,0.0196,0.0078,15
13222,0.0392,0.0157,15
13227,0.0589,0.0275,15
13232,0.1373,0.0510,15
13237,0.1766,0.0863,15
13242,0.2354,0.1295,15
13247,0.2943,0.1805,15
13252,0.3531,0.2394,15
13257,0.4120,0.2943,15
13262,0.4709,0.3531,15
13267,0.5493,0.4159,15
13272,0.6082,0.4787,15
13277,0.6474,0.5376,15
13282,0.7259,0.6003,15
13287,0.7455,0.6553,15
13292,0.7651,0.6984,15
13297,0.8044,0.7377,15
13302,0.8632,0.7808,15
13307,0.9613,0.8279,15
13312,1.0202,0.8829,15
13317,1.1379,0.9574,15
13322,1.2949,1.0555,15
13327,1.4126,1.1654,15
13332,1.3537,1.2439,15
13337,1.2556,1.2909,15
13342,1.3145,1.3263,15
13347,1.4911,1.3655,15
13352,1.6480,1.4126,15
13357,1.7069,1.4832,15
13362,1.6676,1.5656,15
13367,1.6284,1.6284,15
13372,1.7069,1.6716,15
13377,1.5499,1.6519,15
13382,0.9810,1.5068,15
13387,0.8436,1.3420,15
13392,0.8436,1.1850,15
13397,0.8240,1.0084,15
13402,0.8240,0.8632,15
13407,0.7848,0.8240,15
13412,0.6474,0.7848,15
13417,0.5101,0.7181,15
13422,0.3531,0.6239,15
13427,0.1766,0.4944,15
13432,0.0589,0.3492,15
13437,0.0000,0.2197,15
13442,0.0000,0.1177,15
13447,0.0000,0.0471,15
13474,0.0000,0.0118,16
13479,0.0000,0.0000,16
13484,0.0000,0.0000,16
13489,0.0000,0.0000,16
13494,0.0000,0.0000,16
13499,0.0000,0.0000,16
13504,0.0000,0.0000,16
13509,0.0000,0.0000,16
13514,0.0000,0.0000,16
13519,0.0000,0.0000,16
13524,0.0000,0.0000,16
13529,0.0000,0.0000,16
13534,0.0000,0.0000,16
13539,0.0000,0.0000,16
13544,0.0000,0.0000,16
13549,0.0000,0.0000,16
13554,0.0000,0.0000,16
13559,0.0000,0.0000,16
13564,0.0000,0.0000,16
13569,0.0000,0.0000,16
13574,0.0000,0.0000,16
13579,0.0000,0.0000,16
13584,0.0000,0.0000,16
13589,0.0000,0.0000,16
13594,0.0000,0.0000,16
13599,0.0000,0.0000,16
13604,0.0000,0.0000,16
13609,0.0000,0.0000,16
13614,0.0000,0.0000,16
13619,0.0000,0.0000,16
13624,0.0000,0.0000,16
13629,0.0000,0.0000,16
13634,0.0000,0.0000,16
13639,0.0000,0.0000,16
13644,0.0000,0.0000,16
13649,0.0000,0.0000,16
13654,0.0000,0.0000,16
13659,0.0000,0.0000,16
13664,0.0000,0.0000,16
13669,0.0000,0.0000,16
13674,0.0000,0.0000,16
13679,0.0000,0.0000,16
13684,0.0000,0.0000,16
13689,0.0000,0.0000,16
13694,0.0000,0.0000,16
13699,0.0000,0.0000,16
13704,0.0000,0.0000,16
13709,0.0000,0.0000,16
13714,0.0000,0.0000,16
13719,0.0000,0.0000,16
13724,0.0000,0.0000,16
13729,0.0000,0.0000,16
13734,0.0000,0.0000,16
13739,0.0000,0.0000,16
13744,0.0000,0.0000,16
13749,0.0000,0.0000,16
13754,0.0000,0.0000,16
13759,0.0000,0.0000,16
13764,0.0000,0.0000,16
13769,0.0000,0.0000,16
13774,0.0000,0.0000,16
13779,0.0000,0.0000,16
13784,0.0000,0.0000,16
13789,0.0000,0.0000,16
13794,0.0000,0.0000,16
13799,0.0000,0.0000,16
13804,0.0000,0.0000,16
13809,0.0000,0.0000,16
13814,0.0196,0.0039,16
13819,0.0392,0.0118,16
13824,0.0785,0.0275,16
13829,0.0785,0.0432,16
13834,0.0981,0.0628,16
13839,0.0981,0.0785,16
13844,0.0981,0.0902,16
13849,0.1177,0.0981,16
13854,0.1373,0.1099,16
13859,0.1373,0.1177,16
13864,0.1570,0.1295,16
13869,0.1766,0.1452,16
13874,0.1962,0.1609,16
13879,0.2354,0.1805,16
13884,0.2747,0.2080,16
13889,0.2943,0.2354,16
13894,0.3728,0.2747,16
13899,0.3924,0.3139,16
13904,0.4709,0.3610,16
13909,0.5297,0.4120,16
13914,0.5886,0.4709,16
13919,0.6867,0.5336,16
13924,0.7848,0.6121,16
13929,0.9221,0.7024,16
13934,1.0594,0.8083,16
13939,1.2752,0.9456,16
13944,1.5107,1.1104,16
13949,1.9031,1.3341,16
13954,1.8246,1.5146,16
13959,1.5107,1.6049,16
13964,1.4911,1.6480,16
13969,1.6088,1.6676,16
13974,1.6480,1.6166,16
13979,1.5303,1.5578,16
13984,1.3733,1.5303,16
13989,1.1968,1.4714,16
13994,1.0398,1.3577,16
13999,0.8240,1.1928,16
14004,0.6474,1.0163,16
14009,0.5690,0.8554,16
14014,0.5886,0.7338,16
14019,0.7063,0.6671,16
14024,0.8240,0.6671,16
14029,0.9221,0.7220,16
14034,0.8829,0.7848,16
14039,0.9025,0.8476,16
14044,0.8632,0.8789,16
14049,0.8829,0.8907,16
14054,0.8829,0.8829,16
14059,0.8436,0.8750,16
14064,0.7455,0.8436,16
14069,0.6082,0.7926,16
14074,0.4905,0.7141,16
14079,0.3531,0.6082,16
14084,0.2551,0.4905,16
14089,0.1766,0.3767,16
14094,0.0589,0.2668,16
14099,0.0000,0.1687,16
14104,0.0000,0.0981,16
14109,0.0000,0.0471,16
14136,0.0000,0.0118,17
14141,0.0000,0.0000,17
14146,0.0000,0.0000,17
14151,0.0000,0.0000,17
14156,0.0000,0.0000,17
14161,0.0000,0.0000,17
14166,0.0000,0.0000,17
14171,0.0000,0.0000,17
14176,0.0000,0.0000,17
14181,0.0000,0.0000,17
14186,0.0000,0.0000,17
14191,0.0000,0.0000,17
14196,0.0000,0.0000,17
14201,0.0000,0.0000,17
14206,0.0000,0.0000,17
14211,0.0000,0.0000,17
14216,0.0000,0.0000,17
14221,0.0000,0.0000,17
14226,0.0000,0.0000,17
14231,0.0000,0.0000,17
14236,0.0000,0.0000,17
14241,0.0000,0.0000,17
14246,0.0000,0.0000,17
14251,0.0000,0.0000,17
14256,0.0000,0.0000,17
14261,0.0000,0.0000,17
14266,0.0000,0.0000,17
14271,0.0000,0.0000,17
14276,0.0000,0.0000,17
14281,0.0000,0.0000,17
14286,0.0000,0.0000,17
14291,0.0000,0.0000,17
14296,0.0000,0.0000,17
14301,0.0000,0.0000,17
14306,0.0000,0.0000,17
14311,0.0000,0.0000,17
14316,0.0000,0.0000,17
14321,0.0000,0.0000,17
14326,0.0000,0.0000,17
14331,0.0000,0.0000,17
14336,0.0000,0.0000,17
14341,0.0000,0.0000,17
14346,0.0000,0.0000,17
14351,0.0000,0.0000,17
14356,0.0000,0.0000,17
14361,0.0000,0.0000,17
14366,0.0000,0.0000,17
14371,0.0000,0.0000,17
14376,0.0000,0.0000,17
14381,0.0000,0.0000,17
14386,0.0000,0.0000,17
14391,0.0000,0.0000,17
14396,0.0000,0.0000,17
14401,0.0000,0.0000,17
14406,0.0000,0.0000,17
14411,0.0000,0.0000,17
14416,0.0000,0.0000,17
14421,0.0000,0.0000,17
14426,0.0000,0.0000,17
14431,0.0000,0.0000,17
14436,0.0000,0.0000,17
14441,0.0000,0.0000,17
14446,0.0000,0.0000,17
14451,0.0000,0.0000,17
14456,0.0000,0.0000,17
14461,0.0000,0.0000,17
14466,0.0000,0.0000,17
14471,0.0000,0.0000,17
14476,0.0000,0.0000,17
14481,0.0000,0.0000,17
14486,0.0000,0.0000,17
14491,0.0000,0.0000,17
14496,0.0000,0.0000,17
14501,0.0000,0.0000,17
14506,0.0000,0.0000,17
14511,0.0000,0.0000,17
14516,0.0000,0.0000,17
14521,0.0000,0.0000,17
14526,0.0000,0.0000,17
14531,0.0000,0.0000,17
14536,0.0000,0.0000,17
14541,0.0000,0.0000,17
14546,0.0000,0.0000,17
14551,0.0000,0.0000,17
14556,0.0000,0.0000,17
14561,0.0000,0.0000,17
14566,0.0000,0.0000,17
14571,0.0000,0.0000,17
14576,0.0000,0.0000,17
14581,0.0000,0.0000,17
14586,0.0000,0.0000,17
14591,0.0000,0.0000,17
14596,0.0000,0.0000,17
14601,0.0000,0.0000,17
14606,0.0000,0.0000,17
14611,0.0000,0.0000,17
14616,0.0000,0.0000,17
14621,0.0000,0.0000,17
14626,0.0000,0.0000,17
14631,0.0000,0.0000,17
14636,0.0000,0.0000,17
14641,0.0000,0.0000,17
14646,0.0000,0.0000,17
14651,0.0000,0.0000,17
14656,0.0000,0.0000,17
14661,0.0000,0.0000,17
14666,0.0000,0.0000,17
14671,0.0000,0.0000,17
14676,0.0000,0.0000,17
14681,0.0000,0.0000,17
14686,0.0000,0.0000,17
14691,0.0000,0.0000,17
14696,0.0000,0.0000,17
14701,0.0000,0.0000,17
14706,0.0000,0.0000,17
14711,0.0000,0.0000,17
14716,0.0000,0.0000,17
14721,0.0000,0.0000,17
14726,0.0000,0.0000,17
14731,0.0000,0.0000,17
14736,0.0000,0.0000,17
14741,0.0000,0.0000,17
14746,0.0000,0.0000,17
14751,0.0000,0.0000,17
14756,0.0000,0.0000,17
14761,0.0000,0.0000,17
14766,0.0000,0.0000,17
14771,0.0000,0.0000,17
14776,0.0000,0.0000,17
14781,0.0000,0.0000,17
14786,0.0000,0.0000,17
14791,0.0000,0.0000,17
14796,0.0000,0.0000,17
14801,0.0000,0.0000,17
14806,0.0000,0.0000,17
14811,0.0000,0.0000,17
14816,0.0000,0.0000,17
14821,0.0000,0.0000,17
14826,0.0000,0.0000,17
14831,0.0000,0.0000,17
14836,0.0000,0.0000,17
14841,0.0000,0.0000,17
14846,0.0000,0.0000,17
14851,0.0000,0.0000,17
14856,0.0000,0.0000,17
14861,0.0000,0.0000,17
14866,0.0000,0.0000,17
14871,0.0000,0.0000,17
14876,0.0000,0.0000,17
14881,0.0000,0.0000,17
14886,0.0000,0.0000,17
14891,0.0000,0.0000,17
14896,0.0000,0.0000,17
14901,0.0000,0.0000,17
14906,0.0000,0.0000,17
14911,0.0000,0.0000,17
14916,0.0000,0.0000,17
14921,0.0000,0.0000,17
14926,0.0000,0.0000,17
14931,0.0000,0.0000,17
14936,0.0000,0.0000,17
14941,0.0000,0.0000,17
14946,0.0000,0.0000,17
14951,0.0000,0.0000,17
14956,0.0000,0.0000,17
14961,0.0000,0.0000,17
14966,0.0000,0.0000,17
14971,0.0000,0.0000,17
14976,0.0000,0.0000,17
14981,0.0000,0.0000,17
14986,0.0000,0.0000,17
14991,0.0000,0.0000,17
14996,0.0000,0.0000,17
15001,0.0000,0.0000,17
15006,0.0000,0.0000,17
15011,0.0000,0.0000,17
15016,0.0000,0.0000,17
15021,0.0000,0.0000,17
15026,0.0000,0.0000,17
15031,0.0000,0.0000,17
15036,0.0000,0.0000,17
15041,0.0000,0.0000,17
15046,0.0000,0.0000,17
15051,0.0000,0.0000,17
15056,0.0000,0.0000,17
15061,0.0000,0.0000,17
15066,0.0000,0.0000,17
15071,0.0000,0.0000,17
15076,0.0000,0.0000,17
15081,0.0000,0.0000,17
15086,0.0000,0.0000,17
15091,0.0000,0.0000,17
15096,0.0000,0.0000,17
15101,0.0000,0.0000,17
15106,0.0000,0.0000,17
15111,0.0000,0.0000,17
15116,0.0000,0.0000,17
15121,0.0000,0.0000,17
15126,0.0000,0.0000,17
15131,0.0000,0.0000,17
15136,0.0000,0.0000,17
15141,0.0000,0.0000,17
15146,0.0000,0.0000,17
15151,0.0000,0.0000,17
15156,0.0000,0.0000,17
15161,0.0000,0.0000,17
15166,0.0000,0.0000,17
15171,0.0000,0.0000,17
15176,0.0000,0.0000,17
15181,0.0000,0.0000,17
15186,0.0000,0.0000,17
15191,0.0000,0.0000,17
15196,0.0000,0.0000,17
15201,0.0000,0.0000,17
15206,0.0000,0.0000,17
15211,0.0000,0.0000,17
15216,0.0000,0.0000,17
15221,0.0000,0.0000,17
15226,0.0000,0.0000,17
15231,0.0000,0.0000,17
15236,0.0000,0.0000,17
15241,0.0000,0.0000,17
15246,0.0000,0.0000,17
15251,0.0000,0.0000,17
15256,0.0000,0.0000,17
15261,0.0000,0.0000,17
15266,0.0000,0.0000,17
15271,0.0000,0.0000,17
15276,0.0000,0.0000,17
15281,0.0000,0.0000,17
15286,0.0000,0.0000,17
15291,0.0000,0.0000,17
15296,0.0000,0.0000,17
15301,0.0000,0.0000,17
15306,0.0000,0.0000,17
15311,0.0000,0.0000,17
15316,0.0000,0.0000,17
15321,0.0000,0.0000,17
15326,0.0000,0.0000,17
15331,0.0000,0.0000,17
15336,0.0000,0.0000,17
15341,0.0000,0.0000,17
15346,0.0000,0.0000,17
15351,0.0000,0.0000,17
15356,0.0000,0.0000,17
15361,0.0000,0.0000,17
15366,0.0000,0.0000,17
15371,0.0000,0.0000,17
15376,0.0000,0.0000,17
15381,0.0000,0.0000,17
15386,0.0000,0.0000,17
15391,0.0000,0.0000,17
15396,0.0000,0.0000,17
15401,0.0000,0.0000,17
15406,0.0000,0.0000,17
15411,0.0000,0.0000,17
15416,0.0000,0.0000,17
15421,0.0000,0.0000,17
15426,0.0000,0.0000,17
15431,0.0000,0.0000,17
15436,0.0000,0.0000,17
15441,0.0000,0.0000,17
15446,0.0000,0.0000,17
15451,0.0000,0.0000,17
15456,0.0000,0.0000,17
15461,0.0000,0.0000,17
15466,0.0000,0.0000,17
15471,0.0000,0.0000,17
15476,0.0000,0.0000,17
15481,0.0000,0.0000,17
15486,0.0000,0.0000,17
15491,0.0000,0.0000,17
15496,0.0000,0.0000,17
15501,0.0000,0.0000,17
15506,0.0000,0.0000,17
15511,0.0000,0.0000,17
15516,0.0000,0.0000,17
15521,0.0000,0.0000,17
15526,0.0000,0.0000,17
15531,0.0000,0.0000,17
15536,0.0000,0.0000,17
15541,0.0000,0.0000,17
15546,0.0000,0.0000,17
15551,0.0000,0.0000,17
15556,0.0000,0.0000,17
15561,0.0000,0.0000,17
15566,0.0000,0.0000,17
15571,0.0000,0.0000,17
15576,0.0000,0.0000,17
15581,0.0000,0.0000,17
15586,0.0000,0.0000,17
15591,0.0000,0.0000,17
15596,0.0000,0.0000,17
15601,0.0000,0.0000,17
15606,0.0000,0.0000,17
15611,0.0000,0.0000,17
15616,0.0000,0.0000,17
15621,0.0000,0.0000,17
15626,0.0000,0.0000,17
15631,0.0000,0.0000,17
15636,0.0000,0.0000,17
15641,0.0000,0.0000,17
15646,0.0000,0.0000,17
15651,0.0000,0.0000,17
15656,0.0000,0.0000,17
15661,0.0000,0.0000,17
15666,0.0000,0.0000,17
15671,0.0000,0.0000,17
15676,0.0000,0.0000,17
15681,0.0000,0.0000,17
15686,0.0000,0.0000,17
15691,0.0000,0.0000,17
15696,0.0000,0.0000,17
15701,0.0000,0.0000,17
15706,0.0000,0.0000,17
15711,0.0000,0.0000,17
15716,0.0000,0.0000,17
15721,0.0000,0.0000,17
15726,0.0000,0.0000,17
15731,0.0000,0.0000,17
15736,0.0000,0.0000,17
15741,0.0000,0.0000,17
15746,0.0000,0.0000,17
15751,0.0000,0.0000,17
15756,0.0000,0.0000,17
15761,0.0000,0.0000,17
15766,0.0000,0.0000,17
15771,0.0000,0.0000,17
15776,0.0000,0.0000,17
15781,0.0000,0.0000,17
15786,0.0000,0.0000,17
15791,0.0000,0.0000,17
15796,0.0000,0.0000,17
15801,0.0000,0.0000,17
15806,0.0000,0.0000,17
15811,0.0000,0.0000,17
15816,0.0000,0.0000,17
15821,0.0000,0.0000,17
15826,0.0000,0.0000,17
15831,0.0000,0.0000,17
15836,0.0000,0.0000,17
15841,0.0000,0.0000,17
15846,0.0000,0.0000,17
15851,0.0000,0.0000,17
15856,0.0000,0.0000,17
15861,0.0000,0.0000,17
15866,0.0000,0.0000,17
15871,0.0000,0.0000,17
15876,0.0000,0.0000,17
15881,0.0000,0.0000,17
15886,0.0000,0.0000,17
15891,0.0000,0.0000,17
15896,0.0000,0.0000,17
15901,0.0000,0.0000,17
15906,0.0000,0.0000,17
15911,0.0000,0.0000,17
15916,0.0000,0.0000,17
15921,0.0000,0.0000,17
15926,0.0000,0.0000,17
15931,0.0000,0.0000,17
15936,0.0000,0.0000,17
15941,0.0000,0.0000,17
15946,0.0000,0.0000,17
15951,0.0000,0.0000,17
15956,0.0000,0.0000,17
15961,0.0000,0.0000,17
15966,0.0000,0.0000,17
15971,0.0000,0.0000,17
15976,0.0000,0.0000,17
15981,0.0000,0.0000,17
15986,0.0000,0.0000,17
15991,0.0000,0.0000,17
15996,0.0000,0.0000,17
16001,0.0000,0.0000,17
16006,0.0000,0.0000,17
16011,0.0000,0.0000,17
16016,0.0000,0.0000,17
16021,0.0000,0.0000,17
16026,0.0000,0.0000,17
16031,0.0000,0.0000,17
16036,0.0000,0.0000,17
16041,0.0000,0.0000,17
16046,0.0000,0.0000,17
16051,0.0000,0.0000,17
16056,0.0000,0.0000,17
16061,0.0000,0.0000,17
16066,0.0000,0.0000,17
16071,0.0000,0.0000,17
16076,0.0000,0.0000,17
16081,0.0000,0.0000,17
16086,0.0000,0.0000,17
16091,0.0000,0.0000,17
16096,0.0000,0.0000,17
16101,0.0000,0.0000,17
16106,0.0000,0.0000,17
16111,0.0000,0.0000,17
16116,0.0000,0.0000,17
16121,0.0000,0.0000,17
16126,0.0000,0.0000,17
16131,0.0000,0.0000,17
16136,0.0000,0.0000,17
16141,0.0000,0.0000,17
16146,0.0000,0.0000,17
16151,0.0000,0.0000,17
16156,0.0000,0.0000,17
16161,0.0000,0.0000,17
16166,0.0000,0.0000,17
16171,0.0000,0.0000,17
16176,0.0000,0.0000,17
16181,0.0000,0.0000,17
16186,0.0000,0.0000,17
16191,0.0000,0.0000,17
16196,0.0000,0.0000,17
16201,0.0000,0.0000,17
16206,0.0000,0.0000,17
16211,0.0000,0.0000,17
16216,0.0000,0.0000,17
16221,0.0000,0.0000,17
16226,0.0000,0.0000,17
16231,0.0000,0.0000,17
16236,0.0000,0.0000,17
16241,0.0000,0.0000,17
16246,0.0000,0.0000,17
16251,0.0000,0.0000,17
16256,0.0000,0.0000,17
16261,0.0000,0.0000,17
16266,0.0000,0.0000,17
16271,0.0000,0.0000,17
16276,0.0000,0.0000,17
16281,0.0000,0.0000,17
16286,0.0000,0.0000,17
16291,0.0000,0.0000,17
16296,0.0000,0.0000,17
16301,0.0000,0.0000,17
16306,0.0000,0.0000,17
16311,0.0000,0.0000,17
16316,0.0000,0.0000,17
16321,0.0000,0.0000,17
16326,0.0000,0.0000,17
16331,0.0000,0.0000,17
16336,0.0000,0.0000,17
16341,0.0000,0.0000,17
16346,0.0000,0.0000,17
16351,0.0000,0.0000,17
16356,0.0000,0.0000,17
16361,0.0000,0.0000,17
16366,0.0000,0.0000,17
16371,0.0000,0.0000,17
16376,0.0000,0.0000,17
16381,0.0000,0.0000,17
16386,0.0000,0.0000,17
16391,0.0000,0.0000,17
16396,0.0000,0.0000,17
16401,0.0000,0.0000,17
16406,0.0000,0.0000,17
16411,0.0000,0.0000,17
16416,0.0000,0.0000,17
16421,0.0000,0.0000,17
16426,0.0000,0.0000,17
16431,0.0000,0.0000,17
16436,0.0000,0.0000,17
16441,0.0000,0.0000,17
16446,0.0000,0.0000,17
16451,0.0000,0.0000,17
16456,0.0000,0.0000,17
16461,0.0000,0.0000,17
16466,0.0000,0.0000,17
16471,0.0000,0.0000,17
16476,0.0000,0.0000,17
16481,0.0000,0.0000,17
16486,0.0000,0.0000,17
16491,0.0000,0.0000,17
16496,0.0000,0.0000,17
16501,0.0000,0.0000,17
16506,0.0000,0.0000,17
16511,0.0000,0.0000,17
16516,0.0000,0.0000,17
16521,0.0000,0.0000,17
16526,0.0000,0.0000,17
16531,0.0000,0.0000,17
16536,0.0000,0.0000,17
16541,0.0000,0.0000,17
16546,0.0000,0.0000,17
16551,0.0000,0.0000,17
16556,0.0000,0.0000,17
16561,0.0000,0.0000,17
16566,0.0000,0.0000,17
16571,0.0000,0.0000,17
16576,0.0000,0.0000,17
16581,0.0000,0.0000,17
16586,0.0000,0.0000,17
16591,0.0000,0.0000,17
16596,0.0000,0.0000,17
16601,0.0000,0.0000,17
16606,0.0000,0.0000,17
16611,0.0000,0.0000,17
16616,0.0000,0.0000,17
16621,0.0000,0.0000,17
16626,0.0000,0.0000,17
16631,0.0000,0.0000,17
16636,0.0000,0.0000,17
16641,0.0000,0.0000,17
16646,0.0000,0.0000,17
16651,0.0000,0.0000,17
16656,0.0000,0.0000,17
16661,0.0000,0.0000,17
